-- MySQL dump 10.13  Distrib 8.0.29, for Win64 (x86_64)
--
-- Host: localhost    Database: beapilot
-- ------------------------------------------------------
-- Server version	5.7.24

/*!40101 SET @OLD_CHARACTER_SET_CLIENT=@@CHARACTER_SET_CLIENT */;
/*!40101 SET @OLD_CHARACTER_SET_RESULTS=@@CHARACTER_SET_RESULTS */;
/*!40101 SET @OLD_COLLATION_CONNECTION=@@COLLATION_CONNECTION */;
/*!50503 SET NAMES utf8 */;
/*!40103 SET @OLD_TIME_ZONE=@@TIME_ZONE */;
/*!40103 SET TIME_ZONE='+00:00' */;
/*!40014 SET @OLD_UNIQUE_CHECKS=@@UNIQUE_CHECKS, UNIQUE_CHECKS=0 */;
/*!40014 SET @OLD_FOREIGN_KEY_CHECKS=@@FOREIGN_KEY_CHECKS, FOREIGN_KEY_CHECKS=0 */;
/*!40101 SET @OLD_SQL_MODE=@@SQL_MODE, SQL_MODE='NO_AUTO_VALUE_ON_ZERO' */;
/*!40111 SET @OLD_SQL_NOTES=@@SQL_NOTES, SQL_NOTES=0 */;

--
-- Table structure for table `answers`
--

DROP TABLE IF EXISTS `answers`;
/*!40101 SET @saved_cs_client     = @@character_set_client */;
/*!50503 SET character_set_client = utf8mb4 */;
CREATE TABLE `answers` (
  `id_answer` int(11) NOT NULL AUTO_INCREMENT,
  `id_question_answer` int(11) DEFAULT NULL,
  `istrue_answer` tinyint(1) DEFAULT NULL,
  `string_answer` varchar(1000) COLLATE utf8_spanish_ci DEFAULT NULL,
  PRIMARY KEY (`id_answer`),
  KEY `questions_in_answer_idx` (`id_question_answer`),
  CONSTRAINT `questions_in_answer` FOREIGN KEY (`id_question_answer`) REFERENCES `questions` (`id_question`) ON DELETE NO ACTION ON UPDATE NO ACTION
) ENGINE=InnoDB AUTO_INCREMENT=2150 DEFAULT CHARSET=utf8 COLLATE=utf8_spanish_ci;
/*!40101 SET character_set_client = @saved_cs_client */;

--
-- Dumping data for table `answers`
--

LOCK TABLES `answers` WRITE;
/*!40000 ALTER TABLE `answers` DISABLE KEYS */;
INSERT INTO `answers` VALUES (1,1,1,'60 meses hasta los 30 años, 24 meses hasta los 50 años, 12 meses hasta los 65 años y 6 meses para los mayores de 65 años'),(2,1,1,'60 meses hasta los 30 años, 24 meses hasta los 50 años, 12 meses hasta los 65 años y 6 meses para los mayores de 65 años'),(3,1,NULL,'24 meses hasta los 30 años, 12 meses hasta los 40 años y 6 meses para los mayores de 40 años.'),(4,1,NULL,'24 meses hasta los 40 años, 12 meses hasta los 50 años, y 6 meses para los mayores de 50 años.'),(5,1,NULL,'60 meses hasta los 40 años, 24 meses hasta los 50 años, 12 meses hasta los 60 años y 6 meses para los mayores de 60 años.'),(6,2,NULL,'Cuando vuele en espacio aéreo controlado'),(7,2,NULL,'ninguna es cierta'),(8,2,NULL,'Cuando lo ordena el ATC.'),(9,2,1,'a y b son correctas'),(10,3,NULL,'Responderá en ese modo solo a petición de control.'),(11,3,NULL,'No existe el modo C en los transpondedores'),(12,3,NULL,'Responderá a su discreción.'),(13,3,1,'Lo tendrá activado siempre'),(14,4,NULL,'Prosiga su navegación por sus propios medios.'),(15,4,NULL,'Después de haber sido controlado bajo vectores radar es la expresión que usa el controlador para informarnos de que a partir de ese momento seguimos bajo control radar pero debemos navegar con nuestros propios medios de navegación.'),(16,4,NULL,'a y b son falsas'),(17,4,1,'a y b son correctas'),(18,5,NULL,'Será función del aeropuerto.'),(19,5,NULL,'3 NM de radio.'),(20,5,NULL,'4 NM de radio'),(21,5,1,'5 NM de radio'),(22,6,NULL,'Cruzara las manos por encima de la cabeza.'),(23,6,NULL,'No existe tal señal, el piloto sabe cuando debe actuar sobre los frenos.'),(24,6,NULL,'Levantara las dos manos horizontal mente con los dedos abiertos y cerrara los puños.'),(25,6,1,'Levantara la mano horizontalmente con los dedos abiertos y cerrara el puño'),(26,7,NULL,'NOTAM'),(27,7,NULL,'AIP'),(28,7,NULL,'AIRAC'),(29,7,1,'Circular de información aeronáutica'),(30,8,NULL,'Encender y apagar 4 veces las luces de aterrizaje.'),(31,8,NULL,'Encender y apagar 4 veces las luces de navegación'),(32,8,NULL,'Encender y apagar las luces 3 veces.'),(33,8,1,'Encender y apagar repetidamente las luces'),(34,9,NULL,'50 minutos antes de la salida si es H-24'),(35,9,NULL,'60 minutos antes de la salida si no es H-24'),(36,9,NULL,'40 minutos antes de la salida si es H-24'),(37,9,1,'30 minutos antes de la salida si el AD no es H-24'),(38,10,NULL,'D'),(39,10,NULL,'A'),(40,10,NULL,'B'),(41,10,1,'C'),(42,11,NULL,'El numero de aviones por minuto que pueden operar en el aeropuerto.'),(43,11,NULL,'El numero de aterrizajes medios que se dan durante una hora'),(44,11,NULL,'En los medios de que disponga el aeropuerto'),(45,11,1,'En la longitud del avión mas grande que suele utilizar ese aeropuerto así como la anchura del mismo'),(46,12,NULL,'Un espacio aéreo controlado que se extiende desde el suelo hacia arriba hasta un limite especificado'),(47,12,NULL,'Un espacio aéreo que se extiende desde un limite especificado sobre la tierra o el agua hasta un limite especificado'),(48,12,NULL,'Las aerovías y TMA son áreas de control'),(49,12,1,'La b y c son correctas'),(50,13,NULL,'300 metros en vertical y 450 metros en horizontal de distancia a las nubes y 8 Km.'),(51,13,NULL,'300 metros en vertical y 450 metros en horizontal de distancia a las nubes y 5 Km.'),(52,13,NULL,'Despejado y 5 Km.'),(53,13,1,'Despejado y 8 Km'),(54,14,NULL,'COM'),(55,14,NULL,'RAC'),(56,14,NULL,'MET'),(57,14,1,'GEN'),(58,15,NULL,'Luces fijas blancas unidireccionales en dirección de la pista.'),(59,15,NULL,'Luces fijas gradualmente blancas'),(60,15,NULL,'Luces fijas gradualmente rojas'),(61,15,1,'Luces fijas rojas unidireccionales en la dirección de la pista'),(62,16,NULL,'1.500 pies y visibilidad inferior a 8 Km.'),(63,16,NULL,'1.000 pies y visibilidad inferior a 5 Km.'),(64,16,NULL,'1.000 pies y visibilidad inferior a 8 Km.'),(65,16,1,'1.500 pies y visibilidad inferior a 5 Km'),(66,17,NULL,'Las dependencias ATC.'),(67,17,NULL,'Las oficinas de control.'),(68,17,NULL,'As oficinas de ARO.'),(69,17,1,'El centro de coordinación de rescate y los subcentros de salvamento'),(70,18,NULL,'Altitud de presión.'),(71,18,NULL,'Altura'),(72,18,NULL,'Elevación'),(73,18,1,'Altitud'),(74,19,NULL,'Elevación'),(75,19,NULL,'Superficie isobárica.'),(76,19,NULL,'Superficie altimétrica.'),(77,19,1,'Nivel'),(78,20,NULL,'El área de rodaje, despegue y aterrizaje.'),(79,20,NULL,'El área de rodaje, despegue y aterrizaje, y área de señales.'),(80,20,NULL,'El área de rodaje y el área de señales.'),(81,20,1,'El área de maniobras y la plataforma'),(82,21,NULL,'Avanzando de frente.'),(83,21,NULL,'Frenando'),(84,21,NULL,'Dirigiéndose al espacio libre.'),(85,21,1,'Deteniéndose'),(86,22,NULL,'Visibilidad: 5 Km, libre de nubes y a la vista de la superficie.'),(87,22,NULL,'Visibilidad: 8 Km, libre de nubes y a la vista de la superficie.'),(88,22,NULL,'Visibilidad: 8 Km, distancia horizontal de las nubes: 1.500 m, distancia vertical de las nubes 1.000 pies.'),(89,22,1,'Visibilidad: 5 Km, distancia horizontal de las nubes: 1500 m, distancia vertical de las nubes 1000 pies'),(90,23,NULL,'La capa superior de las nubes, siempre que estas cubran más de la mitad del cielo y se encuentren por encima de 5.000 pies sobre tierra o agua.'),(91,23,NULL,'La altura que sobre tierra o agua se encuentra la base de la capa inferior de nubes por debajo de 6.000 pies.'),(92,23,NULL,'La altura que sobre tierra o agua se encuentra la base de la capa inferior de nubes por debajo de 10.000 pies.'),(93,23,1,'La altura que sobre tierra o agua se encuentra la base de la capa inferior de nubes por debajo de 20.000 pies'),(94,24,NULL,'Señales luminosas con luces estroboscópicas y corrientes.'),(95,24,NULL,'Señales visuales instaladas en el edificio de la TWR.'),(96,24,NULL,'Señales visuales instaladas en tierra.'),(97,24,1,'Señales luminosas con luces corrientes y pirotécnicas'),(98,25,NULL,'Que la pista en servicio es la contraria, debiendo la aeronave proceder al aterrizaje en el sentido opuesto.'),(99,25,NULL,'Que la pista se encuentra reservada para evacuaciones sanitarias.'),(100,25,NULL,'Que la pista es utilizada por planeadores y que se están realizando vuelos de esta naturaleza.'),(101,25,1,'Que la pista no es utilizable para el aterrizaje de aeronaves'),(102,26,NULL,'Diríjase a la plataforma.'),(103,26,NULL,'A su debido tiempo se le dará permiso para el rodaje.'),(104,26,NULL,'Ceda el paso a otras aeronaves.'),(105,26,1,'Regrese al punto de partida en el aeródromo'),(106,27,NULL,'Al calaje del altímetro con “1013”.'),(107,27,NULL,'Al calaje del altímetro con el QNH.'),(108,27,NULL,'Al calaje del altímetro con el QFE.'),(109,27,1,'Al calaje del altímetro con el QNE'),(110,28,NULL,'Cuya penetración a los vuelos VFR es autorizada siempre que se efectúen por debajo de la altitud de 300 m (1.000 pies) sobre el terreno o agua.'),(111,28,NULL,'Destinado a proteger las trayectorias VFR e IFR de las aeronaves en las cercanías del aeródromo y en las fases de tránsito y aterrizaje.'),(112,28,NULL,'Cuya penetración se encuentra prohibida a las aeronaves que vuelen en VFR.'),(113,28,1,'Destinado a proteger las trayectorias IFR de las aeronaves en las cercanías de los aeródromos'),(114,29,NULL,'Solicitará autorización al APP para penetrar en ese espacio como vuelo VFR especial.'),(115,29,NULL,'Solicitará autorización a la TWR para penetrar en ese espacio como vuelo VFR especial.'),(116,29,NULL,'Solicitará autorización al ACC para penetrar en ese espacio como vuelo VFR especial.'),(117,29,1,'No podrá hacerlo'),(118,30,NULL,'Aeronave que alcanza es aquella que se aproxima a otra por detrás siguiendo una línea que forma un ángulo mayor de 70º con el plano de simetría de la que va delante.'),(119,30,NULL,'Los planeadores cederán el paso a las aeronaves propulsadas mecánicamente.'),(120,30,NULL,'Cuando dos aeronaves se aproximen “casi” de frente y haya peligro de colisión, la que tenga a la otra a su derecha le cederá el paso.'),(121,30,1,'Ninguna aeronave volará tan cerca de otra de modo que pueda ocasionar peligro de colisión'),(122,31,NULL,'Que se hallan en vuelo y las que se encuentran aterrizando, despegando o a punto de hacerlo.'),(123,31,NULL,'Que se hallan en vuelo y las que circulan por área de maniobras de un aeródromo o en su plataforma.'),(124,31,NULL,'Que se hallan en vuelo.'),(125,31,1,'Que se hallan en vuelo y las que circulan por el área de maniobras de un aeródromo'),(126,32,NULL,'En los 60 días anteriores haya realizado un despegue y un aterrizaje como único manipulador de los mandos en un avión de la misma clase o tipo.'),(127,32,NULL,'En los 30 días anteriores haya realizado cinco despegues y cinco aterrizajes como único manipulador de los mandos en un avión de la misma clase o tipo.'),(128,32,NULL,'En los 45 días anteriores haya realizado tres despegues y tres aterrizajes como único manipulador de los mandos en un avión de la misma clase o tipo.'),(129,32,1,'En los 90 días anteriores haya realizado tres despegues y tres aterrizajes como único manipulador de los mandos en un avión de la misma clase o tipo'),(130,33,NULL,'El tiempo total transcurrido desde que la aeronave pone en marcha los motores con el propósito de despegar, hasta el momento en que la aeronave se detiene al final del vuelo.'),(131,33,NULL,'El tiempo total transcurrido desde que la aeronave inicia la carrera de despegue, hasta el momento en el que abandona la pista al finalizar el aterrizaje.'),(132,33,NULL,'El tiempo total transcurrido desde que la aeronave pone en marcha los motores con el propósito de despegar, hasta el momento en que los detiene al final del vuelo.'),(133,33,1,'El tiempo total transcurrido desde que la aeronave comienza a moverse por su propia potencia o potencia externa, con el propósito de despegar, hasta el momento en que se detiene al final del vuelo'),(134,34,NULL,'Tiempo local.'),(135,34,NULL,'Tiempo universal (UT).'),(136,34,NULL,'GMT'),(137,34,1,'UTC'),(138,35,NULL,'La aeronave alcanzada se detendrá y facilitará el movimiento de la otra aeronave.'),(139,35,NULL,'La que alcance a otra tendrá derecho de paso.'),(140,35,NULL,'Si se encuentran en rumbos convergentes, ambas se detendrán.'),(141,35,1,'La que tenga a la otra a su derecha cederá el paso'),(142,36,NULL,'Empleará la señal transmitida por radiotelefonía PAN, PAN, PAN.'),(143,36,NULL,'Apagará y encenderá sucesivamente los faros de aterrizaje.'),(144,36,NULL,'Si se encuentra en el área de maniobras de un aeródromo, apagará y encenderá las luces de navegación de destellos'),(145,36,1,'Apagará y encenderá sucesivamente los faros de aterrizaje y las luces de navegación'),(146,37,NULL,'El rumbo magnético.'),(147,37,NULL,'El rumbo geográfico.'),(148,37,NULL,'La derrota geográfica.'),(149,37,1,'La derrota magnética'),(150,38,NULL,'Tiene derecho de paso al ser un aerodino propulsado mecánicamente de mayores características que el “A”.'),(151,38,NULL,'Alterará su rumbo hacia la izquierda.'),(152,38,NULL,'Tiene derecho de paso.'),(153,38,1,'Evitará pasar por encima de la aeronave “A” o cruzar por delante'),(154,39,NULL,'FL 25.'),(155,39,NULL,'FL 35.'),(156,39,NULL,'FL 55.'),(157,39,1,'FL 45'),(158,40,NULL,'Cuando operen en espacio aéreo controlado de clases B, C, D y E.'),(159,40,NULL,'Cuando formen parte del tránsito de aeródromos controlados y no controlados.'),(160,40,NULL,'Cuando operen en espacio aéreo controlado de clases A, B, C, D y E.'),(161,40,1,'Cuando operen con carácter de vuelos VFR especiales'),(162,41,NULL,'Las zonas de control.'),(163,41,NULL,'Las zonas de control y las áreas de control.'),(164,41,NULL,'Los espacios aéreos de clases A, B, C, D y E.'),(165,41,1,'Las regiones de información de vuelo'),(166,42,NULL,'Se trata de un incidente y el piloto debe informarlo en las 48 horas siguientes.'),(167,42,NULL,'Al no producirse daños personales y dado que el vuelo ya ha concluido la medida a adoptar es llamar a la compañía de seguros, al operador de la aeronave, al técnico y sacar la aeronave de la calle de rodaje.'),(168,42,NULL,'No es más que una irregularidad en la operación, la tripulación debe informar al operador acerca del retraso ocasionado por la necesario operación a efectuar.'),(169,42,1,'Es un accidente y la tripulación debe efectuar el procedimiento oportuno'),(170,43,NULL,'5'),(171,43,NULL,'4'),(172,43,NULL,'2'),(173,43,1,'3'),(174,44,NULL,'15 millas desde el centro del/los aeródromo/s afectado/s y en la dirección por la que se pueden efectuar las aproximaciones.'),(175,44,NULL,'10 millas desde el centro del/los aeródromo/s afectado/s y en la dirección por la que se pueden efectuar las aproximaciones.'),(176,44,NULL,'20 millas desde el centro del/los aeródromo/s afectado/s y en la dirección por la que se pueden efectuar las aproximaciones.'),(177,44,1,'5 millas náuticas desde el centro del/los aeródromo/s afectado/s y en la dirección por la que se pueden efectuar las aproximaciones'),(178,45,NULL,'Los centros de control de tránsito aéreo, los centros de información de vuelo o las oficinas de notificación de los servicios de tránsito aéreo.'),(179,45,NULL,'Los centros de control de tráfico aéreo y las oficinas de notificación de los servicios de tránsito aéreo.'),(180,45,NULL,'Los centros de información de vuelo y las oficinas de notificación de los servicios de tránsito aéreo.'),(181,45,1,'Los centros de control de tráfico aéreo y los centros de información de vuelo'),(182,46,NULL,'En la medida de lo posible a cualquier avión que haya cumplimentado un plan de vuelo o que en caso contrario sea conocido por el ATS.'),(183,46,NULL,'Exclusivamente a cualquier avión que se le sepa o “suponga” sujeto de interferencias ilegales.'),(184,46,NULL,'Exclusivamente a los aviones que se preste servicios de control, de tráfico aéreo.'),(185,46,1,'A todos los vuelos controlados, a todo avión que se le sepa o “suponga” sujeto de interferencias ilegales, y en la medida de lo posible a cualquier avión que haya cumplimentado un plan de vuelo o en caso contrario que sea conocido por el ATS'),(186,47,NULL,'16 años.'),(187,47,NULL,'21 años.'),(188,47,NULL,'18 años.'),(189,47,1,'17 años'),(190,48,NULL,'Vuelva y aterrice.'),(191,48,NULL,'Aeropuerto peligroso. No aterrice.'),(192,48,NULL,'Deje paso a otro tráfico y manténgase volando el circuito de espera.'),(193,48,1,'A pesar de las órdenes previas, no aterrice de momento.'),(194,49,NULL,'Solicitar una nueva autorización al ATC, que deberá atender la solicitud del piloto.'),(195,49,NULL,'Deberá proponer al correspondiente ATC el contenido de una nueva autorización.'),(196,49,NULL,'Deberá aceptar la autorización del ATC pues ésta se basa en el plan de vuelo presentado al ATC.'),(197,49,1,'Solicitar, y si es posible, obtener del ATC una modificación de la autorización en cuestión'),(198,50,NULL,'Sólo si despega de un aeródromo controlado.'),(199,50,NULL,'No es necesario si no va a atravesar ningún TMA, aunque se suele formalizar por nuestra propia seguridad.'),(200,50,NULL,'Cierto'),(201,50,1,'Ninguna es correcta'),(202,51,NULL,'V'),(203,51,NULL,'Y'),(204,51,NULL,'F'),(205,51,1,'I'),(206,52,NULL,'1 hora.'),(207,52,NULL,'45 minutos.'),(208,52,NULL,'15 minutos.'),(209,52,1,'30 minutos'),(210,53,NULL,'Si es VFR, es falso.'),(211,53,1,'Verdadero'),(212,53,NULL,NULL),(213,53,NULL,NULL),(214,54,NULL,'1 hora.'),(215,54,NULL,'45 minutos.'),(216,54,NULL,'1 minuto.'),(217,54,1,'3 minutos'),(218,55,NULL,'Cambiaremos el plan de vuelo VFR por uno VMC pero nos mantendremos fuera de nubes.'),(219,55,NULL,'Declararemos emergencia para que el CTR quede libre de tráfico y así evitar colisiones.'),(220,55,NULL,'Solicitar permiso para continuar como VFR especial, si lo obtenemos podremos volar dentro de nubes conociendo la MSA (altitud mínima de sector).'),(221,55,1,'Solicita permiso para continuar como VFR especial manteniéndonos fuera de nubes en todo momento'),(222,56,NULL,'Según el anexo 13 de OACI, “urgencia de aeronave”.'),(223,56,NULL,'Incidente.'),(224,56,NULL,'Emergencia tipo 1.'),(225,56,1,'Accidente'),(226,57,NULL,'Falso.'),(227,57,1,'Verdadero'),(228,57,NULL,NULL),(229,57,NULL,NULL),(230,58,NULL,'Luces fijas unidireccionales, blancas en la dirección de los aviones en aproximación.'),(231,58,NULL,'Luces fijas en color blanco o verde.'),(232,58,NULL,'Luces fijas de color verde.'),(233,58,1,'Luces fijas unidireccionales, verdes en la dirección de los aviones en aproximación'),(234,59,NULL,'GEN'),(235,59,NULL,'AGA'),(236,59,NULL,'MAP'),(237,59,1,'ENR'),(238,60,NULL,'El avión más rápido siempre tiene prioridad.'),(239,60,NULL,'Un avión hospital que traslade enfermos graves que necesitan ayuda inmediata.'),(240,60,NULL,'Un avión VIP que traslada a un jefe de estado.'),(241,60,1,'Un tráfico en emergencia declarada'),(242,61,NULL,'Información y control.'),(243,61,NULL,'Alerta y control.'),(244,61,NULL,'Información, alerta y control.'),(245,61,1,'Información y alerta'),(246,62,NULL,'Empieza cuando la aeronave ha declarado emergencia.'),(247,62,NULL,'Hay incertidumbre sobre la posición de la aeronave.'),(248,62,NULL,'En ese caso la torre nos dará prioridad sobre las otras aeronaves.'),(249,62,1,'Se abriga temor por la seguridad de una aeronave y sus ocupantes'),(250,63,NULL,'Cumplirla sin más.'),(251,63,NULL,'No hacer caso de la autorización.'),(252,63,NULL,'Cumplirla y después formular una reclamación.'),(253,63,1,'Solicitar una nueva autorización más conveniente y esperar'),(254,64,NULL,'Autorizar la venta de aeronaves.'),(255,64,NULL,'Autorizar la venta de reactores.'),(256,64,NULL,'Permisos para explotación comercial de Aeronaves.'),(257,64,1,'Ser un órgano rector en cuanto a normas aeronáuticas de carácter internacional'),(258,65,NULL,'45 metros.'),(259,65,NULL,'30 metros.'),(260,65,NULL,'50 metros.'),(261,65,1,'60 metros'),(262,66,NULL,'Roja intermitente con código Morse.'),(263,66,NULL,'Verde intermitente con código Morse.'),(264,66,NULL,'Verde y blanca intermitente con código Morse.'),(265,66,1,'Blanca intermitente con código Morse'),(266,67,NULL,'El aeropuerto está cerrado, vuele en círculos.'),(267,67,NULL,'Vuele en círculos.'),(268,67,NULL,'Vuele en círculos hasta nueva orden.'),(269,67,1,'Aeródromo peligroso no aterrice'),(270,68,NULL,'Desde que se realiza una nueva habilitación de licencia.'),(271,68,NULL,'Desde la renovación de la licencia.'),(272,68,NULL,'Desde la expedición de la licencia.'),(273,68,1,'Desde la extensión del certificado'),(274,69,NULL,'En la conferencia de Ginebra de 1959.'),(275,69,NULL,'En el convenio de la Haya de 1942.'),(276,69,NULL,'En el convenio de Tokio de 1963.'),(277,69,1,'En la conferencia de Chicago de 1944'),(278,70,NULL,'300 metros.'),(279,70,NULL,'150 metros.'),(280,70,NULL,'350 metros.'),(281,70,1,'200 metros'),(282,71,NULL,'NOTAM, AIRAC, AIP.'),(283,71,NULL,'Paquetes completos de aeronavegación.'),(284,71,NULL,'NOTAM, información.'),(285,71,1,'AIP, NOTAM'),(286,72,NULL,'Anaranjadas fijas.'),(287,72,NULL,'Rojas fijas.'),(288,72,NULL,'Rojas intermitentes.'),(289,72,1,'Blancas intermitentes.'),(290,73,NULL,'Siempre cada 30 minutos.'),(291,73,NULL,'Siempre cada 60 minutos.'),(292,73,NULL,'30 si es VMC y 60 si es IMC.'),(293,73,1,'60 minutos si es VMC y 30 si es IMC'),(294,74,NULL,'La torre de Control'),(295,74,NULL,'El ATC encargado de la aeronave en ese momento.'),(296,74,NULL,'La oficina de ARO.'),(297,74,1,'El ATC encargado de la aeronave en ese momento si puede transmitir en 121,5 Mhz'),(298,75,NULL,'Aprobar nuevas tarifas fijadas por las compañías.'),(299,75,NULL,'Aprobar las tasas de los aeropuertos internacionales.'),(300,75,NULL,'Aprobar las nuevas Compañías Aéreas Internacionales.'),(301,75,1,'Desarrollar las normas y métodos recomendados a nivel internacional'),(302,76,NULL,'El operador del avión.'),(303,76,NULL,'El propietario del avión.'),(304,76,NULL,'El controlador, si el avión vuela por espacio aéreo controlado.'),(305,76,1,'El comandante'),(306,77,NULL,'Todos los vuelos VFR e IFR controlados.'),(307,77,NULL,'Todos los vuelos IFR.'),(308,77,NULL,'Los vuelos IFR controlados.'),(309,77,1,'Todos los vuelos IFR en espacio aéreo controlado y los vuelos VFR controlados'),(310,78,NULL,'Fase urgencia y emergencia'),(311,78,NULL,'Fase de urgencia y peligro.'),(312,78,NULL,'Fase de incertidumbre, alerta, peligro y de urgencia.'),(313,78,1,'Fase de incertidumbre, alerta y de peligro'),(314,79,NULL,'NOTAM de aviso.'),(315,79,NULL,'NOTAM ATS.'),(316,79,NULL,'NOTAM RAC.'),(317,79,1,'Circular de Información Aeronáutica'),(318,80,NULL,'Amarillas las del centro de la calle de rodaje y azules las que delimitan el extremo de las calles de rodaje'),(319,80,NULL,'Blancas las del centro de la calle de rodaje y azules las que delimitan el extremo de la calle de rodaje'),(320,80,NULL,'Azules las del centro de la calle de rodaje y verdes las que delimitan el extremos de la calle de rodaje'),(321,80,1,'Verdes las del centro de la calle y azules las que delimitan los extremos de la calle de rodaje'),(322,81,NULL,'V'),(323,81,NULL,'I'),(324,81,NULL,'Z'),(325,81,1,'Y'),(326,82,NULL,'todas son correctas'),(327,82,NULL,'aquella fase donde se conoce o sabe que la aeronave o sus ocupantes están en peligro'),(328,82,NULL,'Aquella fase donde se teme por la seguridad del avion y de sus ocupantes'),(329,82,1,'aquella fase donde se abriga temor por la seguridad de la aeronave y de sus ocupantes'),(330,83,NULL,'El controlador tiene contacto positivo en la pantalla radar del eco de la aeronave'),(331,83,NULL,'Es una expresión que nos asegura que el controlador nos tiene identificados en la pantalla radar'),(332,83,NULL,'Esta expresión solo la escucharemos cuando volemos en espacio aéreo controlado y estemos bajo control radar'),(333,83,1,'Todas son correctas'),(334,84,NULL,'TODA + zona de parada.'),(335,84,NULL,'Zona de parada.'),(336,84,NULL,'ORA + zona libre de obstáculos.'),(337,84,1,'TORA + zona de parada'),(338,85,NULL,'TODA + CWY'),(339,85,NULL,'TODA + TORA'),(340,85,NULL,'Zona de anchura menor a 250 pies a cada lado del eje sin obstáculos en un plano de pendiente 1,25%.'),(341,85,1,'Zona al menos tan ancha como la pista capaz de soportar el peso del avión durante un aborto de despegue'),(342,86,NULL,'300 m en vertical y 450 metros en horizontal de distancia a las nubes y 8 Km de visibilidad.'),(343,86,NULL,'1500 m en horizontal, 300 metros en vertical de distancia a las nubes y 5 Km de visibilidad.'),(344,86,NULL,'Despejado y 5 Km.'),(345,86,1,'Despejado y 8 Km.'),(346,87,NULL,'“A” si “B” esta a su derecha.'),(347,87,NULL,'“A” independientemente de la dirección por la que se aproxima “B”.'),(348,87,NULL,'“B” independientemente de la dirección por la que se aproxima “A”.'),(349,87,1,'“B” si “A” esta a su izquierda'),(350,88,NULL,'Siempre si lo dice ATC.'),(351,88,NULL,'Siempre aunque te diga ATC que lo apagues.'),(352,88,NULL,'Siempre'),(353,88,1,'Siempre menos cuando ATC dice que lo apagues'),(354,89,NULL,'Cambio de rumbo 20º o mas.'),(355,89,NULL,'Cambio de rumbo 45º o mas.'),(356,89,NULL,'Cambio de rumbo 50º o mas.'),(357,89,1,'Cambio de rumbo 30º o mas'),(358,90,NULL,'7500'),(359,90,NULL,'2000'),(360,90,NULL,'No existe ningún código.'),(361,90,1,'7600'),(362,91,NULL,'2000'),(363,91,NULL,'7000'),(364,91,NULL,'7500'),(365,91,1,'7600'),(366,92,NULL,'ROGER recibido.'),(367,92,NULL,'WILCO comprendido.'),(368,92,NULL,'Con el código.'),(369,92,1,'Con el modo / código'),(370,93,NULL,'30 min respecto a la hora de fuera calzos.'),(371,93,NULL,'60 min respecto a la hora de fuera calzos.'),(372,93,NULL,'60 min respecto a la hora de salida.'),(373,93,1,'30 min respecto a la hora de salida'),(374,94,NULL,'De un 1% o mas'),(375,94,NULL,'De un 2% o mas'),(376,94,NULL,'De un 3% o mas'),(377,94,1,'De un 5% o mas'),(378,95,NULL,'Proporcionar separación entre aeronaves y mantener ordenadamente la afluencia de transito aéreo.'),(379,95,NULL,'Prevenir colisiones entre aeronaves en el área de maniobras y entre ésas y los obstáculos que haya en dicha área, acelerar y mantener ordenadamente la afluencia de transito aéreo.'),(380,95,NULL,'Proporcionar separación entre aeronaves en circuito de transito aéreo, acelerar la operación y asesorar.'),(381,95,1,'Prevenir colisiones entre aeronaves en el área de maniobras y los obstáculos que haya en dicha área, acelerar y mantener ordenadamente la afluencia de transito aéreo, asesorar e informar por una operación segura, y proporcionar servicio de búsqueda'),(382,96,NULL,'Todas son falsas.'),(383,96,NULL,'Debe comunicárselo a aquellas aeronaves que n dispongan de respondedor SSR.'),(384,96,NULL,'No debe comunicárselo a la aeronave hasta que le vaya a dar una orden.'),(385,96,1,'Debe comunicárselo a la aeronave'),(386,97,NULL,'Identificación de la aeronave, posición, hora, nivel de vuelo o altitud, posición siguiente y hora a la que se sobrevolara y punto significativo siguiente.'),(387,97,NULL,'Identificación de la aeronave, posición, nivel de vuelo o altitud, hora, posición siguiente y hora de sobrevuelo y punto significativo siguiente.'),(388,97,NULL,'Identificación de la aeronave, posición, nivel de vuelo o altitud, hora, posición siguiente y hora a la que se sobrevolara.'),(389,97,1,'Identificación de la aeronave, velocidad verdadera, posición, hora, nivel de vuelo o altitud y posición siguiente y hora a que se sobrevolara.'),(390,98,NULL,'Los centros de control, centro de asesoramiento y unidad de aproximación.'),(391,98,NULL,'Los centros de control, centro de información de vuelo y oficinas de notificación ATS.'),(392,98,NULL,'Los centros de control, unidades de control de área y torre de control.'),(393,98,1,'Los centros de control, regiones de información de vuelo, unidad de control de aproximación y torre de control'),(394,99,NULL,'aumenta su velocidad'),(395,99,NULL,'disminuye su intensidad'),(396,99,NULL,'no sigue la trayectoria esperada'),(397,99,1,'b y c son correctas'),(398,100,NULL,'buen tiempo'),(399,100,NULL,'viento en calma'),(400,100,NULL,'chubascos fuertes'),(401,100,1,'viento muy fuerte'),(402,101,NULL,'sopla de noche y es floja'),(403,101,NULL,'sopla de noche y es fuerte'),(404,101,NULL,'sopla de día y es floja'),(405,101,1,'sopla de día y es fuerte'),(406,102,NULL,'el viento es catabático y sopla ladera abajo durante el día'),(407,102,NULL,'el viento es anabático y sopla ladera arriba durante la noche'),(408,102,NULL,'el viento es anabático y sopla ladera abajo durante el día'),(409,102,1,'el viento es catabático y sopla ladera abajo durante la noche'),(410,103,NULL,'entrada de un frente cálido'),(411,103,NULL,'buen tiempo'),(412,103,NULL,'inestabilidad'),(413,103,1,'onda de montaña'),(414,104,NULL,'cielo despejado, viento flojo y alta humedad'),(415,104,NULL,'cielo cubierto, viento flojo y alta humedad'),(416,104,NULL,'cielo despejado, fuerte viento y alta humedad'),(417,104,1,'cielo despejado, viento flojo y alta humedad'),(418,105,NULL,'cu y ci'),(419,105,NULL,'cs y ci'),(420,105,NULL,'cb y st'),(421,105,1,'ns y st'),(422,106,NULL,'todas son falsas'),(423,106,NULL,'entre 15 y 0'),(424,106,NULL,'entre –15 y –30'),(425,106,1,'entre 0 y –10'),(426,107,NULL,'nubes dispersas'),(427,107,NULL,'de 3-4/8 de nubes'),(428,107,NULL,'cubierto'),(429,107,1,'nubes fragmentadas'),(430,108,NULL,'ninguna es correcta'),(431,108,NULL,'a y b correctas'),(432,108,NULL,'no se esperan cambios significativos durante la validez de la predicción'),(433,108,1,'no se esperan cambios significativos durante las próximas 2 horas'),(434,109,NULL,'respecto al norte geográfico en altura y en superficie'),(435,109,NULL,'respecto al norte magnético en altura y geográfico en superficie'),(436,109,NULL,'respecto al norte magnético en superficie y altura'),(437,109,1,'respecto al norte geográfico en altura y magnético en superficie'),(438,110,NULL,'2.000 metros'),(439,110,NULL,'100 metros'),(440,110,NULL,'500 metros'),(441,110,1,'2000 metros'),(442,111,NULL,'–16'),(443,111,NULL,'–14'),(444,111,NULL,'–10'),(445,111,1,'–12'),(446,112,NULL,'viento húmedo y frió'),(447,112,NULL,'viento cálido y húmedo'),(448,112,NULL,'viento seco y frío'),(449,112,1,'viento seco y cálido'),(450,113,NULL,'3000 m'),(451,113,NULL,'1000 m'),(452,113,NULL,'500 m'),(453,113,1,'1500 m'),(454,114,NULL,'Cb'),(455,114,NULL,'Ci'),(456,114,NULL,'Cs'),(457,114,1,'Ns'),(458,115,NULL,'temperatura a la que empieza a helar.'),(459,115,NULL,'temperatura a la que el aire no puede contener mas humedad.'),(460,115,NULL,'la temperatura a la que debe ser enfriado el aire para que se sature.'),(461,115,1,'a y b son correctas'),(462,116,NULL,'todas las anteriores'),(463,116,NULL,'cu y cb'),(464,116,NULL,'ci y cs'),(465,116,1,'st y as'),(466,117,NULL,'Tiene la misma altitud aproximadamente sobre toda la tierra'),(467,117,NULL,'En latitudes 60º norte.'),(468,117,NULL,'En los polos.'),(469,117,1,'En el ecuador'),(470,118,NULL,'de oeste a este'),(471,118,NULL,'en el sentido contrario a las agujas del reloj'),(472,118,NULL,'de este a oeste'),(473,118,1,'en el sentido contrario a las agujas del reloj'),(474,119,NULL,'Muy débiles, pero racheados y atravesando las isobaras.'),(475,119,NULL,'Moderados y paralelos a las isobaras.'),(476,119,NULL,'Fuertes y paralelos a las isobaras.'),(477,119,1,'Fuertes y atravesando las isobaras'),(478,120,NULL,'Durante el día y es más débil que la brisa marina.'),(479,120,NULL,'Durante el día y es más fuerte que la brisa marina.'),(480,120,NULL,'Durante la noche y es más fuerte que la brisa marina.'),(481,120,1,'Durante la noche y es más débil que la brisa marina'),(482,121,NULL,'Una hora'),(483,121,NULL,'9 horas'),(484,121,NULL,'30 minutos'),(485,121,1,'2 horas'),(486,122,NULL,'Todas son correctas'),(487,122,NULL,'Detrás del frente cálido la presión se disminuye.'),(488,122,NULL,'Al paso de un frente cálido la presión se aumenta.'),(489,122,1,'Delante de un frente cálido la presión desciende'),(490,123,NULL,'300 Hp'),(491,123,NULL,'500 Hp'),(492,123,NULL,'700 Hp'),(493,123,1,'850 Hp'),(494,124,NULL,'Subsidencia.'),(495,124,NULL,'Descenso de temperatura'),(496,124,NULL,'Disminución de presión.'),(497,124,1,'Convección'),(498,125,NULL,'Movimiento horizontal de aire.'),(499,125,NULL,'Es un fenómeno meteorológico igual a la convección,'),(500,125,NULL,'Es el movimiento vertical de corrientes de aire hacia arriba.'),(501,125,1,'Es movimiento vertical de corrientes de aire hacia abajo'),(502,126,NULL,'a.	Igual o superior a 10 Km.'),(503,126,NULL,'8 NM.'),(504,126,NULL,'8 Km'),(505,126,1,'10 NM'),(506,127,NULL,'Mayor de 20 nudos.'),(507,127,NULL,'Mayor de 10 nudos.'),(508,127,NULL,'Del Oeste.'),(509,127,1,'En calma'),(510,128,NULL,'Elevación del aeródromo y temperatura a nivel del mar.'),(511,128,NULL,'Presión y temperatura a nivel del mar.'),(512,128,NULL,'Elevación y temperatura del aeródromo.'),(513,128,1,'Elevación del aeródromo'),(514,129,NULL,'Masas de aire caliente cálido en altura desde las que cae lluvia que atraviesa el aire a una temperatura inferior a 0ºC.'),(515,129,NULL,'Gotas de agua que caen desde masas de aire frío en altura a una temperatura inferior a 0ºC.'),(516,129,NULL,'Capas isotermas en altura con temperatura justo por encima de 0ºC y a través de las cuales cae la lluvia.'),(517,129,1,'Aire frío en altura desde el cual cae granizo atravesando masa de aire cálido'),(518,130,NULL,'QNH y QFE aumentan.'),(519,130,NULL,'QNH disminuye y QFE aumenta.'),(520,130,NULL,'QNH aumenta y QFE disminuye.'),(521,130,1,'QNH y QFE disminuyen'),(522,131,NULL,'St, Cs'),(523,131,NULL,'Sc, Ns'),(524,131,NULL,'Ci, S'),(525,131,1,'Cu, Cb'),(526,132,NULL,'Hielo Transparente.'),(527,132,NULL,'Área de tormentas activas.'),(528,132,NULL,'Inestabilidad'),(529,132,1,'Estabilidad'),(530,133,NULL,'Altoestratos.'),(531,133,NULL,'Cúmulonimbos.'),(532,133,NULL,'Cúmulos'),(533,133,1,'Nimboestratos'),(534,134,NULL,'FREQ CB.'),(535,134,NULL,'OCNL CB.'),(536,134,NULL,'EMBD CB.'),(537,134,1,'ISOL CB'),(538,135,NULL,'La visibilidad en la pista 28 es de 1500 metros.'),(539,135,NULL,'La visibilidad en la pista 10 es de más de 1500 metros'),(540,135,NULL,'La a y la c son correctas.'),(541,135,1,'El alcance visual en la pista 28 es de más de 1500 metros'),(542,136,NULL,'Una montaña aislada.'),(543,136,NULL,'Un viento perpendicular a la cordillera de 15 Kt o más.'),(544,136,NULL,'Fuerte inversión de temperatura cerca de la cima.'),(545,136,1,'La b y la c son correctas'),(546,137,NULL,'2/8 de nubes'),(547,137,NULL,'5/8 de nubes'),(548,137,NULL,'Cielo cubierto'),(549,137,1,'3/8 de nubes'),(550,138,NULL,'Sc'),(551,138,NULL,'Nb'),(552,138,NULL,'TCu'),(553,138,1,'St'),(554,139,NULL,'Nb'),(555,139,NULL,'St'),(556,139,NULL,'As'),(557,139,1,'Cb'),(558,140,NULL,'Un frente frío.'),(559,140,NULL,'Viento en calma'),(560,140,NULL,'Viento fuerte y racheado'),(561,140,1,'Viento ligero de 2 a 5 nudos'),(562,141,NULL,'La presión de dichos puntos es la que directamente se lee en el barómetro.'),(563,141,NULL,'Si la presión es inferior a 1.000 mb no se representa'),(564,141,NULL,'También unen puntos de igual intensidad de viento'),(565,141,1,'Reducida esa presión a nivel del mar'),(566,142,NULL,'En el sentido de las agujas del reloj.'),(567,142,NULL,'De este a oeste.'),(568,142,NULL,'De oeste a este.'),(569,142,1,'En el sentido contrario a las agujas del reloj'),(570,143,NULL,'En sentido contrario a las agujas del reloj.'),(571,143,NULL,'En el mismo sentido que los anticiclones en el hemisferio sur.'),(572,143,NULL,'En sentido de las agujas del reloj.'),(573,143,1,'La a y la b son ciertas'),(574,144,NULL,'Ninguna es correcta.'),(575,144,NULL,'Porque se desplaza de las bajas a las altas.'),(576,144,NULL,'Por el efecto del vapor de agua sobre el viento.'),(577,144,1,'Por la fuerza de Coriolis'),(578,145,NULL,'Cuanto más separadas estén las isobaras más intensidad de viento tendremos.'),(579,145,NULL,'Los gráficos de isobaras sólo tienen relación respecto a la dirección del viento, no respecto a la intensidad.'),(580,145,NULL,'Una isobara de 1.004 mb equivale a 4 nudos de viento'),(581,145,1,'Cuanto más juntas estén las isobaras más intensidad de viento tendremos'),(582,146,NULL,'En la zona baja.'),(583,146,NULL,'En la zona media mezclada con los altocúmulos lenticulares.'),(584,146,NULL,'Siempre a Sotavento.'),(585,146,1,'La a y la c son correctas'),(586,147,NULL,'Siempre viene respecto al norte geográfico.'),(587,147,NULL,'En los aeropuertos, la torre ATIS etc nos lo da respecto al norte geográfico y en altura respecto al norte magnético.'),(588,147,NULL,'Siempre viene respecto al norte magnético.'),(589,147,1,'En los aeropuertos, la torre, el ATIS etc nos lo da respecto al norte magnético y en altura respecto al norte geográfico'),(590,148,NULL,'1.5 C cada 1.000 pies.'),(591,148,NULL,'1 C cada 1.000 pies.'),(592,148,NULL,'2 C cada 1.000 pies.'),(593,148,1,'3 C cada 1000 pies'),(594,149,NULL,'700 FT'),(595,149,NULL,'0 FT'),(596,149,NULL,'380 FT'),(597,149,1,'1.080 FT'),(598,150,NULL,'500 m'),(599,150,NULL,'250 FT'),(600,150,NULL,'800 FT'),(601,150,1,'500 FT'),(602,151,NULL,'ST'),(603,151,NULL,'CS'),(604,151,NULL,'SC'),(605,151,1,'NS'),(606,152,NULL,'La presión real pero la temperatura como estándar.'),(607,152,NULL,'La temperatura como estándar pero la presión real.'),(608,152,NULL,'Atmósfera estándar.'),(609,152,1,'Atmósfera estándar'),(610,153,NULL,'La temperatura ira disminuyendo.'),(611,153,NULL,'La temperatura ira aumentando.'),(612,153,NULL,'Nos alejamos de un frente cálido.'),(613,153,1,'A y c son correctas'),(614,154,NULL,'el geostrófico es mayor que el gradiente.'),(615,154,NULL,'el geostrófico es menor que el gradiente.'),(616,154,NULL,'los dos son iguales.'),(617,154,1,'la b es correcta porque al gradiente de presión se le suma la fuerza centrífuga'),(618,155,NULL,'todas son falsas.'),(619,155,NULL,'0 fts'),(620,155,NULL,'1.184 fts'),(621,155,1,'1.324 fts'),(622,156,NULL,'250/15'),(623,156,NULL,'270/25'),(624,156,NULL,'300/25'),(625,156,1,'315/25'),(626,157,NULL,'La presión atmosférica.'),(627,157,NULL,'La rotación terrestre.'),(628,157,NULL,'La longitud.'),(629,157,1,'La latitud'),(630,158,NULL,'La mas fría detrás, la menos fría delante y la cálida en altura.'),(631,158,NULL,'La mas fría delante, la cálida detrás y la menos fría en altura.'),(632,158,NULL,'La mas fría detrás, la cálida delante y la menos fría en altura.'),(633,158,1,'La mas fría delante, la menos fría detrás y la cálida en altura'),(634,159,NULL,'Nivel de AD en METAR y MSL en TAF.'),(635,159,NULL,'MSL en METAR y nivel de AD en TAF.'),(636,159,NULL,'MSL, en los dos casos.'),(637,159,1,'Nivel del AD en todos los casos'),(638,160,NULL,'Indicada.'),(639,160,NULL,'De densidad.'),(640,160,NULL,'Verdadera.'),(641,160,1,'De presión'),(642,161,NULL,'Por una masa de aire frío que desciende verticalmente sobre una masa cálida.'),(643,161,NULL,'Por una masa de aire cálido que ataca a una masa de aire fría por arriba.'),(644,161,NULL,'Por ascenso de una masa de aire a temperatura inferior a 0ºC.'),(645,161,1,'Por una masa de aire frío que empuja por debajo a una masa cálida y la levanta'),(646,162,NULL,'Los polos.'),(647,162,NULL,'Sobre tierra.'),(648,162,NULL,'Sobre los océanos.'),(649,162,1,'El Ecuador'),(650,163,NULL,'Mala visibilidad.'),(651,163,NULL,'Disminución de presión.'),(652,163,NULL,'Un aumento de temperatura.'),(653,163,1,'Un aumento de la presión'),(654,164,NULL,'Nos alejamos del frente cálido'),(655,164,NULL,'Nos acercamos al frente cálido.'),(656,164,NULL,'Nos alejamos del frente frío.'),(657,164,1,'Nos acercamos al frente frío'),(658,165,NULL,'Bajada de visibilidad.'),(659,165,NULL,'Techos bajos'),(660,165,NULL,'Las descargas eléctricas.'),(661,165,1,'Turbulencia y granizo'),(662,166,NULL,'El altímetro este corregido por los errores de instrumento.'),(663,166,NULL,'El AD se encuentre a MSL.'),(664,166,NULL,'El QNH sea de 1013,2Hpa.'),(665,166,1,'La temperatura de la atmósfera sea estándar'),(666,167,NULL,'Desciende 50´.'),(667,167,NULL,'No varia.'),(668,167,NULL,'Asciende 400´.'),(669,167,1,'Desciende 400´'),(670,168,NULL,'Línea de turbonada.'),(671,168,NULL,'Superficie frontal.'),(672,168,NULL,'Aclínica'),(673,168,1,'Frente'),(674,169,NULL,'Humedad elevada en la superficie.'),(675,169,NULL,'Viento nulo.'),(676,169,NULL,'Viento débil.'),(677,169,1,'A y C son correctas'),(678,170,NULL,'Tormenta con lluvia débil.'),(679,170,NULL,'Tormenta moderada.'),(680,170,NULL,'Tornado con lluvia moderada.'),(681,170,1,'Tormenta con lluvia moderada'),(682,171,NULL,'Ceniza volcánica.'),(683,171,NULL,'Calima'),(684,171,NULL,'Turbonada'),(685,171,1,'Tornado'),(686,172,NULL,'Lluvia moderada.'),(687,172,NULL,'Nieve moderada.'),(688,172,NULL,'Niebla'),(689,172,1,'Llovizna moderada'),(690,173,NULL,'es la posición más retrasada del centro de gravedad'),(691,173,NULL,'es la posición mas adelantada del centro de gravedad'),(692,173,NULL,'es la distancia desde el centro de gravedad al punto a través del cual actúa el peso de la componente'),(693,173,1,'es el punto especificado por el fabricante del avión a partir del cual se realizan todas las mediciones y los cálculos del centro de gravedad'),(694,174,NULL,'tendencia a guiñar a la derecha en el despegue'),(695,174,NULL,'una reducción de la velocidad de aterrizaje'),(696,174,NULL,'Una reducción de la velocidad de perdida'),(697,174,1,'una reducción del alcance máximo'),(698,175,NULL,'140 Kg'),(699,175,NULL,'14 Kg'),(700,175,NULL,'317 Kg'),(701,175,1,'207 Kg'),(702,176,NULL,'eje lateral'),(703,176,NULL,'eje vertical'),(704,176,NULL,'eje horizontal'),(705,176,1,'eje longitudinal'),(706,177,NULL,'7.000 Nm'),(707,177,NULL,'1.43 Nm'),(708,177,NULL,'34.300 Nm'),(709,177,1,'343.000 Nm'),(710,178,NULL,'será constante, aumenta la resistencia aerodinámica y disminuye la autonomía'),(711,178,NULL,'será constante, aumenta la resistencia aerodinámica y aumenta la autonomía'),(712,178,NULL,'será menor, disminuye la resistencia aerodinámica y aumenta la autonomía'),(713,178,1,'será mayor, aumenta la resistencia aerodinámica y disminuye la autonomía'),(714,179,NULL,'un peso total bajo y con el centro de gravedad adelantado'),(715,179,NULL,'un peso total elevado y con el centro de gravedad retrasado'),(716,179,NULL,'un peso total bajo y con el centro de gravedad retrasado'),(717,179,1,'un peso total elevado y con el centro de gravedad adelantado'),(718,180,NULL,'extremadamente estable y requiere exceso de mando sobre el estabilizador para modificar el cabeceo'),(719,180,NULL,'extremadamente inestable y requiere escaso mando sobre el estabilizador para modificar el cabeceo'),(720,180,NULL,'extremadamente estable y requiere escaso de mando sobre el estabilizador para modificar el cabeceo'),(721,180,1,'extremadamente inestable y requiere exceso de mando sobre el estabilizador para modificar el cabeceo'),(722,181,NULL,'a la altitud de crucero optima'),(723,181,NULL,'en el techo operativo'),(724,181,NULL,'en el techo practico'),(725,181,1,'a la menor cota posible'),(726,182,NULL,'régimen de ascenso y velocidad verdadera'),(727,182,NULL,'velocidad verdadera y régimen de ascenso'),(728,182,NULL,'aumento de altitud y distancia horizontal en relación con el aire en porcentaje'),(729,182,1,'aumento de altitud y distancia respecto al suelo en porcentaje'),(730,183,1,'velocidades inestables'),(731,183,NULL,'tendencia a guiñar'),(732,183,NULL,'el avión no entra en perdida'),(733,183,NULL,'debe actuarse sobre el timón de profundidad para picar el avión'),(734,184,1,'aumento del ángulo de descenso'),(735,184,NULL,'aumento de la distancia de descenso respecto al suelo'),(736,184,NULL,'aumento del régimen de descenso'),(737,184,NULL,'disminuye el régimen de descenso'),(738,185,1,'el empuje es igual a la resistencia aerodinámica mas la componente descendente del peso bruto en la dirección de la trayectoria de vuelo'),(739,185,NULL,'el empuje es igual a la resistencia aerodinámica mas la componente ascendente del peso bruto en la dirección de la trayectoria de vuelo'),(740,185,NULL,'sustentación es igual al peso mas la componente vertical de la resistencia aerodinámica'),(741,185,NULL,'sustentación es igual al peso mas la componente horizontal de la resistencia aerodinámica'),(742,186,1,'no lo afecta'),(743,186,NULL,'baja la velocidad indicada'),(744,186,NULL,'el viento en cola solo influye en la velocidad de espera'),(745,186,NULL,'aumenta la velocidad indicada'),(746,187,1,'aumenta el ángulo de ascenso'),(747,187,NULL,'aumenta la velocidad de ascenso'),(748,187,NULL,'alarga la duración del ascenso'),(749,187,NULL,'aumenta el régimen de ascenso'),(750,188,1,'no afecta el régimen de ascenso'),(751,188,NULL,'no afecta el ángulo de trayectoria de vuelo durante el ascenso'),(752,188,NULL,'aumenta el ángulo y el régimen de ascenso'),(753,188,NULL,'disminuye el ángulo y el régimen de ascenso'),(754,189,1,'aumenta el ángulo de ascenso durante el ascenso'),(755,189,NULL,'disminuye el ángulo de ascenso'),(756,189,NULL,'aumenta la máxima autonomía'),(757,189,NULL,'aumenta el mejor régimen de ascenso'),(758,190,1,'reduce el régimen de ascenso'),(759,190,NULL,'disminuye el ángulo de ascenso pero aumenta el régimen de ascenso'),(760,190,NULL,'no tiene efectos apreciables sobre las prestaciones del avión'),(761,190,NULL,'aumenta el ángulo de ascenso pero reduce el régimen de ascenso'),(762,191,1,'altitud de presión corregida por temperatura no tipo'),(763,191,NULL,'lectura de altitud obtenida en el altímetro'),(764,191,NULL,'altura sobre la superficie'),(765,191,NULL,'es la referencia de altitud respecto al plano diferencial normal'),(766,192,NULL,'74.9'),(767,192,NULL,'75.5'),(768,192,NULL,'75'),(769,192,1,'75.3'),(770,193,1,'Igual que la anterior pero es menor que la de mejor régimen'),(771,193,NULL,'es la velocidad a la que tenemos la mejor relación distancia recorrida sobre el suelo y altura ganada.'),(772,193,NULL,'Es aquella velocidad a la que ganamos la mayor altura sobre el terreno por distancia recorrida y es mayor que la velocidad de mejor régimen.'),(773,193,NULL,'Todas son falsas.'),(774,194,1,'viento, presión y temperatura'),(775,194,NULL,'viento, pendiente de pista y superficie de la misma'),(776,194,NULL,'temperatura, pendiente de pista y presión'),(777,194,NULL,'Altitud de densidad, temperatura, humedad y presión'),(778,195,1,'viento en cola'),(779,195,NULL,'presión'),(780,195,NULL,'humedad'),(781,195,NULL,'temperatura'),(782,196,1,'Las velocidades de entrada en perdida serán mayores'),(783,196,NULL,'Las velocidades de entrada en perdida serán menores'),(784,196,NULL,'El gradiente se ascenso para un ajuste de potencia dado será mayor'),(785,196,NULL,'Aumentará la autonomía de vuelo'),(786,197,1,'mayor sustentación y menor resistencia inducida'),(787,197,NULL,'mayor sustentación y menor resistencia parásita'),(788,197,NULL,'mayor sustentación y mayor resistencia'),(789,197,NULL,'menor sustentación y menor resistencia'),(790,198,1,'debemos ajustar nuestras velocidades de despegue y aterrizaje en función de la DA'),(791,198,NULL,'si T mayor que la Standard DA mayor que PA.'),(792,198,NULL,'a mayor temperatura mayor velocidad TAS asociada a una IAS.'),(793,198,NULL,'si aumenta la temperatura disminuye la densidad.'),(794,199,1,'Sustentación igual a peso'),(795,199,NULL,'Dependerá de la velocidad.'),(796,199,NULL,'Sustentación mayor que peso.'),(797,199,NULL,'Sustentación menor que peso.'),(798,200,1,'un peso alto y atrasado'),(799,200,NULL,'un peso bajo y atrasado.'),(800,200,NULL,'un peso alto y adelantado.'),(801,200,NULL,'un peso bajo y adelantado.'),(802,201,1,'peso/ coseno ángulo de alabeo'),(803,201,NULL,'peso X coseno ángulo se alabeo'),(804,201,NULL,'peso/ fuerza centrífuga'),(805,201,NULL,'peso/ seno ángulo de alabeo'),(806,202,1,'Crea un momento longitudinal en la dirección (cabeceo arriba o cabeceo abajo) determinado por el tipo de tren'),(807,202,NULL,'Crea un momento longitudinal de cabeceo hacia abajo'),(808,202,NULL,'No crea momento longitudinal'),(809,202,NULL,'Crea un momento longitudinal en la dirección (cabeceo hacia arriba)'),(810,203,1,'La carga útil incluye todo el equipo opcional, combustible no utilizable, aceite no drenable, lastre, etc'),(811,203,NULL,'La cuerda aerodinámica (MAC) corresponde a la distancia media entre el borde de ataque y el borde de salida del ala.'),(812,203,NULL,'La línea de referencia corresponde a un plano imaginario establecido por el fabricante de la aeronave.'),(813,203,NULL,'El centro de gravedad concentra la resultante de todos los pesos que actúan sobre la aeronave'),(814,204,1,'Que la causa sea un centro de gravedad en desplazamiento a su limite trasero'),(815,204,NULL,'No tenga nada que ver con la posición del centro de gravedad'),(816,204,NULL,'Que la causa sea un centro de gravedad en desplazamiento a su limite delantero'),(817,204,NULL,'Haga que el centro de gravedad se desplace hacia delante'),(818,205,1,'en el que se supone que actúa la suma de las fuerzas de todas las masas del cuerpo'),(819,205,NULL,'que siempre se utiliza como dato para el calculo de momentos.'),(820,205,NULL,'en el que la suma de las fuerzas externas es igual a cero.'),(821,205,NULL,'en donde la suma de los momentos de las fuerzas externas que actúan sobre el cuerpo es igual a cero.'),(822,206,1,'33 cm'),(823,206,NULL,'30 cm'),(824,206,NULL,'34 cm'),(825,206,NULL,'40 cm'),(826,207,1,'Hará que el cg se desplace hacia atrás'),(827,207,NULL,'no afectara a la posición del cg.'),(828,207,NULL,'Variara la posición del cg pero la dirección no se puede determinar con los datos de partida.'),(829,207,NULL,'Hará que el cg se desplace hacia delante.'),(830,208,1,'evitar desplazamientos imprevistos del cg y los consiguientes daños en el avión'),(831,208,NULL,'facilitar la ejecución de virajes pronunciados.'),(832,208,NULL,'evitar un exceso de carga “g” durante el enderezamiento previo al aterrizaje.'),(833,208,NULL,'evitar cualquier desplazamiento del cg en vuelo.'),(834,209,1,'33%'),(835,209,NULL,'25%'),(836,209,NULL,'50%'),(837,209,NULL,'43%'),(838,210,1,'50%'),(839,210,NULL,'20%'),(840,210,NULL,'40%'),(841,210,NULL,'60%'),(842,211,1,'802 Lbs'),(843,211,NULL,'725Lbs'),(844,211,NULL,'1002 Lbs'),(845,211,NULL,'0 Lbs'),(846,212,1,'0,47”'),(847,212,NULL,'0,62”'),(848,212,NULL,'87,98”'),(849,212,NULL,'0,54”'),(850,213,NULL,'Disminuye la distancia de despegue'),(851,213,NULL,'se despega con una IAS menor.'),(852,213,NULL,'Aumenta el régimen de ascenso.'),(853,213,NULL,'Todas son ciertas.'),(854,214,1,'La D aumenta con el cuadrado de la velocidad'),(855,214,NULL,'La L aumenta con el cuadrado de la velocidad.'),(856,214,NULL,'La tracción aumenta con la velocidad.'),(857,214,NULL,'La fuerza de rozamiento disminuye con la velocidad.'),(858,215,1,'Avion limpio'),(859,215,NULL,'Full flap.'),(860,215,NULL,'Dos puntos de flap.'),(861,215,NULL,'1 punto de flap.'),(862,216,1,'407,6”'),(863,216,NULL,'427,1”'),(864,216,NULL,'587,5”'),(865,216,NULL,'426,5”'),(866,217,1,'Del borde de ataque.'),(867,217,NULL,'Del borde de salida.'),(868,217,NULL,'Del encastre.'),(869,217,NULL,'Todas son falsas.'),(870,218,NULL,'Afectara a la temperatura exterior.'),(871,218,NULL,'La carrera será mas corta.'),(872,218,1,'La carrera será mas larga.'),(873,218,NULL,'El ángulo de ataque de subida será mayor.'),(874,219,1,'El ángulo se ve afectado.'),(875,219,NULL,'El R/D se ve afectado.'),(876,219,NULL,'La distancia horizontal se ve afectada.'),(877,219,NULL,'La velocidad de máximo planeo cambiará.'),(878,220,1,'La temperatura se mantiene constante a –56,5°C'),(879,220,NULL,'La proporción de gases se mantiene constante.'),(880,220,NULL,'Se forman meteoros.'),(881,220,NULL,'Se encuentra la mayor concentración de agua.'),(882,221,1,'78% de Nitrógeno, 21% de Oxigeno y un 1% de gases varios'),(883,221,NULL,'78% de Oxigeno, 21% de Nitrógeno y un 1% de gases varios.'),(884,221,NULL,'21% de vapor de agua, 8% de Nitrógeno y el resto de Oxigeno.'),(885,221,NULL,'Todas son falsas.'),(886,222,1,'Ley de Henry'),(887,222,NULL,'Ley de dispersión gaseosa.'),(888,222,NULL,'Ley de Fick.'),(889,222,NULL,'Ley de Boyle Mariotte.'),(890,223,1,'Ley de Dalton'),(891,223,NULL,'Ley de Graham.'),(892,223,NULL,'Ley de Hery.'),(893,223,NULL,'Ley de Boyle Mariotte.'),(894,224,1,'Todas son ciertas'),(895,224,NULL,'Por combinación del oxigeno con la hemoglobina.'),(896,224,NULL,'Método físico.'),(897,224,NULL,'Disolución en el plasma sanguíneo.'),(898,225,1,'Ley de Dalton'),(899,225,NULL,'Ley de Boyle Mariotte.'),(900,225,NULL,'Ley de Fick.'),(901,225,NULL,'Ley de Henry.'),(902,226,1,'b y c son correctas'),(903,226,NULL,'20.000 fts'),(904,226,NULL,'6.000 fts'),(905,226,NULL,'3.000 fts'),(906,227,1,'Miedo, ansiedad y angustia'),(907,227,NULL,'Abusar del alcohol.'),(908,227,NULL,'Fatiga'),(909,227,NULL,'Respiración extremadamente lenta.'),(910,228,1,'Anémica'),(911,228,NULL,'Histotóxica'),(912,228,NULL,'De estancamiento.'),(913,228,NULL,'Hipóxica.'),(914,229,1,'El oído interno'),(915,229,NULL,'La caja del tímpano.'),(916,229,NULL,'Oído externo.'),(917,229,NULL,'Oído medio.'),(918,230,1,'El vestíbulo'),(919,230,NULL,'Oído medio.'),(920,230,NULL,'Canales semicirculares.'),(921,230,NULL,'Todas son falsas.'),(922,231,1,'Una sordera de transmisión'),(923,231,NULL,'Todas son falsas.'),(924,231,NULL,'Una sordera mixta.'),(925,231,NULL,'Desorientación espacial.'),(926,232,1,'Miopía'),(927,232,NULL,'Estrabismo.'),(928,232,NULL,'Astigmatismo.'),(929,232,NULL,'Hipermetropía'),(930,233,1,'Altitudes superiores a 10.000 fts.'),(931,233,NULL,'Aceleraciones angulares.'),(932,233,NULL,'Aceleraciones lineales.'),(933,233,NULL,'Aceleraciones radiales.'),(934,234,1,'Sistema propioceptivo'),(935,234,NULL,'Aparato vestibular.'),(936,234,NULL,'Sistema visual.'),(937,234,NULL,'La correcta integración de los sistemas anteriores.'),(938,235,1,'Ambos ambas aceleraciones'),(939,235,NULL,'Aceleraciones angulares y radiales.'),(940,235,NULL,'Aceleraciones angulares y lineales.'),(941,235,NULL,'Aceleraciones lineales y angulares.'),(942,236,1,'Periodo de alarma'),(943,236,NULL,'Periodo de agotamiento.'),(944,236,NULL,'Periodo de respuesta.'),(945,236,NULL,'periodo de resistencia.'),(946,237,1,'Que esta virando a su trayectoria original'),(947,237,NULL,'Que asciende.'),(948,237,NULL,'Que desciende y vira en sentido contrario.'),(949,237,NULL,'Que vuela recto y nivelado.'),(950,238,1,'Una reducción de la presión parcial del oxigeno en los pulmones'),(951,238,NULL,'una mayor afinidad entre los glóbulos rojos y el oxigeno.'),(952,238,NULL,'Un aumento en la concentración de glóbulos rojos.'),(953,238,NULL,'Una reducción de la presión parcial del nitrógeno en los pulmones.'),(954,239,1,'los utrículos y sáculo'),(955,239,NULL,'La cóclea.'),(956,239,NULL,'La trompa de Eustaquio'),(957,239,NULL,'Los canales semicirculares.'),(958,240,1,'transportar oxigeno'),(959,240,NULL,'Contribuir a la respuesta inmunológica del organismo.'),(960,240,NULL,'Defensa celular del organismo.'),(961,240,NULL,'Participar en el proceso de coagulación de la sangre.'),(962,241,1,'la trompa de Eustaquio y membrana del tímpano.'),(963,241,NULL,'Los conductos semicirculares.'),(964,241,NULL,'Los utrículo y sáculo'),(965,241,NULL,'La coclea.'),(966,242,1,'Senos y faringe'),(967,242,NULL,'Nariz, faringe y conducto auditivo externo.'),(968,242,NULL,'Nasofaringe y oído medio.'),(969,242,NULL,'Nariz, faringe y oído interno.'),(970,243,1,'A una altitud menor que la real, con tendencia a irse largo'),(971,243,NULL,'A una altitud menor que la real, con la impresión de que esta aterrizando lento.'),(972,243,NULL,'A una altitud mayor que la real, con la impresión de que se quedara corto al aterrizar.'),(973,243,NULL,'A una altura mayor que la real, con tendencia a quedarse corto al aterrizar.'),(974,244,1,'la seguridad ya que la concentración aplicada a los elementos de las listas centrara la atención de los pilotos sobre las tareas relativas al vuelo, reduciendo la distracción debida al estrés personal'),(975,244,NULL,'La carga de trabajo dado que las listas de comprobación aumentan la carga de trabajo de los pilotos antes del despegue.'),(976,244,NULL,'El estrés, ya que la presión del tiempo anterior al despegue siempre esta presente.'),(977,244,NULL,'La frustración.'),(978,245,1,'Decidir significa aplicar un procedimiento automático'),(979,245,NULL,'Decidir significa ser capaz de idear soluciones originales.'),(980,245,NULL,'Decidir significa imponer el propio punto de vista.'),(981,245,NULL,'Decidir significa elegir entre alternativas.'),(982,246,1,'Su ejecución no coincida con otras tareas importantes'),(983,246,NULL,'Su ejecución no se realiza simultáneamente con otras tareas.'),(984,246,NULL,'Pueda rechazarse ya que la redundancia de la siguiente lista de comprobación servirá como verificación.'),(985,246,NULL,'Su ejecución pueda coincidir con la realización de otras actividades.'),(986,247,1,'Solo han de considerarse los efectos principales, la influencia de los efectos secundarios es inapreciable'),(987,247,NULL,'Han de tenerse en cuenta tantos los efectos principales como los secundarios.'),(988,247,NULL,'La medicación no influye en el rendimiento de los pilotos.'),(989,247,NULL,'Solo han de considerarse los efectos secundarios.'),(990,248,1,'Puede aumentar el efecto de la hipoxia sobre las células cerebrales'),(991,248,NULL,'No afecta en absoluto.'),(992,248,NULL,'Puede mejorar las funciones mentales, de manera que los síntomas de la hipoxia pueden identificarse mejor.'),(993,248,NULL,'Actúa como estimulante cerebral, y la resistencia del piloto frente a la hipoxia será mayor.'),(994,249,1,'Dolor en las articulaciones'),(995,249,NULL,'Baja tensión sanguínea.'),(996,249,NULL,'Falta de concentración, fatiga y euforia.'),(997,249,NULL,'Respiración excesivamente rápida y profunda acompañada de dolores pectorales.'),(998,250,1,'Evitar los movimientos bruscos de cabeza durante los virajes'),(999,250,NULL,'Mirar hacia ambos lados mientras se realiza el viraje.'),(1000,250,NULL,'Respirar profundamente controlando la frecuencia respiratoria.'),(1001,250,NULL,'Mantener un ritmo respiratorio normal.'),(1002,251,1,'Recordar una autorización el tiempo suficiente como para escribirla'),(1003,251,NULL,'Recordar nuestro nombre.'),(1004,251,NULL,'Hacer caso omiso de mensajes para otras aeronaves.'),(1005,251,NULL,'Almacenar una gran cantidad de información visual durante mas o menos 0,5 segundos.'),(1006,252,1,'Bajada de presión arterial'),(1007,252,NULL,'Sudores, piel enrojecida, pupilas dilatadas, respiración acelerada.'),(1008,252,NULL,'Inhalaciones rápidas y profundas, pinchazos precordiales.'),(1009,252,NULL,'Aumento de la presión arterial, contracción de las pupilas, pinchazos precordiales.'),(1010,253,1,'Menos vapor de agua que el aire aspirado'),(1011,253,NULL,'Mas oxigeno que el aire espirado'),(1012,253,NULL,'Mas dióxido de carbono que el aire aspirado.'),(1013,253,NULL,'Mas nitrógeno que el aire aspirado.'),(1014,254,NULL,'Aumenta con la altura'),(1015,254,NULL,'Depende de la presión del aire presenta.'),(1016,254,1,'Es constante a todas las altitudes alcanzables por los aviones convencionales.'),(1017,254,NULL,'Disminuye al aumentar la altitud.'),(1018,255,1,'La a y la b son correctas'),(1019,255,NULL,'Las horas comprendidas entre el fin del crepúsculo astronómico vespertino y el comienzo del crepúsculo astronómico matutino o cualquier otro periodo entre la puesta o salida del sol que prescriba la autoridad competente.'),(1020,255,NULL,'a.	Las horas comprendidas entre el fin del crepúsculo civil vespertino y el comienzo de crepúsculo civil matutino.'),(1021,255,NULL,'b.	A cualquier otro periodo entre la puesta o salida del sol que prescriba la autoridad competente.'),(1022,256,1,'Informar a la dependencia ATC adecuada y proceder según instrucciones'),(1023,256,NULL,'Todas son correctas.'),(1024,256,NULL,'Mientras espera instrucciones dirigirse a la posición estimada.'),(1025,256,NULL,'Localizar la posición de la aeronave en peligro si es posible.'),(1026,257,1,'Informar a la dependencia ATC con la que esté en comunicación sobre los datos de la aeronave que está en peligro'),(1027,257,NULL,'Todas son correctas.'),(1028,257,NULL,'Determinar con exactitud la posición de la aeronave en peligro.'),(1029,257,NULL,'No perderla de vista hasta que su presencia no sea necesaria o no pueda permanecer más tiempo.'),(1030,258,1,'La b y la c son correctas'),(1031,258,NULL,'En el caso de disponer de arneses los tirantes pueden aflojarse si impiden el desempeño de sus funciones.'),(1032,258,NULL,'a.	Solamente estarán abrochados en los despegues y aterrizajes.'),(1033,258,NULL,'b.	Estarán abrochados durante todo el tiempo que estén en sus puestos.'),(1034,259,1,'Un extintor, un botiquín y extintores adicionales en los compartimentos donde la accesibilidad no sea fácil'),(1035,259,NULL,'La anterior más una brújula magnética de repuesto.'),(1036,259,NULL,'Un extintor y un botiquín.'),(1037,259,NULL,'Un extintor.'),(1038,260,1,'Todas son correctas'),(1039,260,NULL,'Un faro de aterrizaje.'),(1040,260,NULL,'Iluminación de los instrumentos de vuelo que sean esenciales para la utilización segura del avión.'),(1041,260,NULL,'Una linterna para cada miembro de la tripulación.'),(1042,261,1,'Se denomina ELBA o ELT'),(1043,261,NULL,'Un equipo de navegación.'),(1044,261,NULL,'Cualquier equipo de comunicaciones.'),(1045,261,NULL,'El GPS.'),(1046,262,1,'Verde en el plano derecho y roja en el izquierdo'),(1047,262,NULL,'Luces de destellos en ambos planos.'),(1048,262,NULL,'Blanca en el plano derecho y blanca en el izquierdo.'),(1049,262,NULL,'Verde en el plano izquierdo y roja en el derecho.'),(1050,263,NULL,'INCERFA (Fase de incertidumbre)'),(1051,263,NULL,'ALERFA. (Fase de alerta)'),(1052,263,NULL,'DETRESFA. (Fase de peligro)'),(1053,263,1,'Todas son correctas'),(1054,264,1,'Todas son correctas'),(1055,264,NULL,'La aeronave desaparece o es totalmente inaccesible.'),(1056,264,NULL,'Algún pasajero resulta herido o muerto.'),(1057,264,NULL,'Hay un daño estructural serio que perjudica a las performances de la aeronave.'),(1058,265,1,'Variómetro'),(1059,265,NULL,'A y C son correctas.'),(1060,265,NULL,'Anemómetro'),(1061,265,NULL,'Altímetro o Baroaltímetro de precisión.'),(1062,266,1,'Necesitamos ayuda'),(1063,266,NULL,'Necesitamos ayuda médica.'),(1064,266,NULL,'Prohibido aterrizar.'),(1065,266,NULL,'Precaución veleros en vuelo.'),(1066,267,1,'Todas son correctas'),(1067,267,NULL,'Los instrumentos necesarios para el vuelo funcionan correctamente.'),(1068,267,NULL,'El avión tiene en vigor el certificado de aeronavegabilidad.'),(1069,267,NULL,'El centro de gravedad está entre los límites.'),(1070,268,1,'A y b son correctas'),(1071,268,NULL,'Todas son falsas.'),(1072,268,NULL,'b.	Cuando se requiera aeródromo de alternativa: volar al aeródromo donde se proyecta el vuelo y desde allí al de alternativa y después 45 minutos más.'),(1073,268,NULL,'a.	Cuando no se requiera aeródromo de alternativa: volar hasta el aeródromo donde se proyecta el vuelo y después 45 minutos más.'),(1074,269,1,'Todas son correctas'),(1075,269,NULL,'De que los demás miembros de la tripulación tengan sus licencias en vigor y conozcan los procedimientos concretos de ese avión.'),(1076,269,NULL,'Es el responsable de la operación y seguridad del avión durante el vuelo.'),(1077,269,NULL,'Que los pasajeros y miembros conozcan el uso del sistema de oxígeno, cinturones de seguridad y salidas de emergencia.'),(1078,270,1,'Operación de la aviación general'),(1079,270,NULL,'Operación de la aviación privada.'),(1080,270,NULL,'Operación de la aviación particular.'),(1081,270,NULL,'Operación de la aviación de aeroclub.'),(1082,271,1,'Sí'),(1083,271,NULL,'Solo al despegue y al aterrizaje.'),(1084,271,NULL,'Es opcional.'),(1085,271,NULL,'Solo en espacio turbulento.'),(1086,272,1,'b) Extintores portátilesc) Cartas actualizadas para la ruta de vuelo(ABC)'),(1087,272,NULL,'bcd'),(1088,272,NULL,'abcd'),(1089,272,NULL,'abd'),(1090,273,1,'b) Un reloj de precisión que indique las horas, minutos y segundosc) Un indicador de velocidadd) Un baroaltímetro de precisión(ABCD)'),(1091,273,NULL,'abcd'),(1092,273,NULL,'bcd'),(1093,273,NULL,'abd'),(1094,274,1,'A) Roja en el plano derecho b)Roja en el plano izquierdo c)Verde en el plano izquierdo(ABC)'),(1095,274,NULL,'bcd'),(1096,274,NULL,'abd'),(1097,274,NULL,'acd'),(1098,275,1,'Roja en el plano izquierdo'),(1099,275,NULL,'Verde en el plano izquierdo.'),(1100,275,NULL,'Roja en el plano derecho.'),(1101,275,NULL,'Verde en la cola.'),(1102,276,1,'No hará uso de la radio para no interferir'),(1103,276,NULL,'Abandonará la zona para no interferir al SAR.'),(1104,276,NULL,'No perderá de vista la aeronave hasta que su presencia no sea necesaria.'),(1105,276,NULL,'Las respuestas A y B son correctas.'),(1106,277,1,'Anotar la posición de la aeronave si se ha dado'),(1107,277,NULL,'Seguir la escucha para posteriores mensajes.'),(1108,277,NULL,'Volar en círculos en presente posición a la espera de órdenes.'),(1109,277,NULL,'Abandonar la zona.'),(1110,278,1,'7700'),(1111,278,NULL,'7600'),(1112,278,NULL,'7000'),(1113,278,NULL,'7500'),(1114,279,1,'243 Mhz'),(1115,279,NULL,'123.5 Mhz'),(1116,279,NULL,'122.5 Mhz'),(1117,279,NULL,'121.5 Mhz'),(1118,280,1,'Otra aeronave que este en viento cruzado'),(1119,280,NULL,'Otra aeronave que este aterrizando o a punto de aterrizar'),(1120,280,NULL,'Si el piloto considera que antes de irse al aire la otra aeronave habrá abandonado la pista puede iniciar el despegue'),(1121,280,NULL,'Todas son correctas'),(1122,281,1,'Deberá seguir las instrucciones de otra aeronave'),(1123,281,NULL,'Todas son correctas'),(1124,281,NULL,'Será responsable de la operación de la aeronave'),(1125,281,NULL,'Deberá seguir las instrucciones de la torre'),(1126,282,1,'Anexo 5'),(1127,282,NULL,'Anexo 2'),(1128,282,NULL,'Anexo 19'),(1129,282,NULL,'Anexo 6'),(1130,283,1,'Durante el rodaje pero siempre antes de entrar en pista'),(1131,283,NULL,'A y C son correctas'),(1132,283,NULL,'Justo en carrera de despegue'),(1133,283,NULL,'Antes de entrar en pista para el despegue'),(1134,284,1,'Las zonas restringidas se pueden volar evitando la restricción'),(1135,284,NULL,'Nunca podremos volar una zona restringida.'),(1136,284,NULL,'Las zonas peligrosas nunca se pueden volar'),(1137,284,NULL,'Las zonas prohibidas se pueden volar con autorización especial'),(1138,285,NULL,'1 y 4'),(1139,285,NULL,'1 y 2'),(1140,285,NULL,'1,3 y 4'),(1141,285,1,'3 y 4 (1. Extintores de agua.2. Extintores químicos o de polvo.3. Extintores de halon.4. Extintores de CO2)'),(1142,286,NULL,'220º'),(1143,286,NULL,'70º'),(1144,286,NULL,'110º'),(1145,286,1,'140º'),(1146,287,1,'Un vertedero en las proximidades'),(1147,287,NULL,'Segar y mantener la hierba alta.'),(1148,287,NULL,'Un colector moderno de aguas residuales en las proximidades.'),(1149,287,NULL,'La extracción de minerales tales como arena y graba.'),(1150,288,1,'A aeronaves medias en salidas tras una llegada de aeronave pesada, cuando operen en una pista con umbral desplazado'),(1151,288,NULL,'A una aeronave ligera en llegada tras una salida de aeronave media, cuando operen en una pista con umbral desplazado, si se espera que las trayectorias de vuelo previstas se crucen.'),(1152,288,NULL,'Entre una aeronave ligera y una media que realiza aproximación frustrada y la aeronave ligera utiliza una pista en sentido opuesto para el despegue.'),(1153,288,NULL,'A aeronaves ligeras despegando tras una aeronave media desde una parte intermedia de una pista paralela separada menos de 760 metros.'),(1154,289,1,'Pesa mucho y vuela a baja velocidad'),(1155,289,NULL,'Pesa poco y vuela a baja velocidad.'),(1156,289,NULL,'Pesa poco y vuela a alta velocidad.'),(1157,289,NULL,'Pesa mucho y vuela a alta velocidad.'),(1158,290,1,'Masa, envergadura, velocidad y configuración'),(1159,290,NULL,'Masa, envergadura, configuración y nº de motores.'),(1160,290,NULL,'Masa, envergadura y nº de motores.'),(1161,290,NULL,'Masa y velocidad.'),(1162,291,1,'Hacia abajo'),(1163,291,NULL,'Hacia arriba'),(1164,291,NULL,'Dependerá de la densidad del aire'),(1165,291,NULL,'Hacia todas las direcciones.'),(1166,292,1,'Mas allá del punto en el que las ruedas del avión entrante hayan hecho contacto con la pista'),(1167,292,NULL,'En el punto en el que las ruedas del avión entrante hayan hecho contacto con la pista y del lado del viento en pista.'),(1168,292,NULL,'En el punto en el que las ruedas del avión entrante hayan hecho contacto con la pista y del lado contrario al viento en pista.'),(1169,292,NULL,'Delante del punto en el que las ruedas del avión entrante hayan hecho contacto con la pista.'),(1170,293,1,'No puede producirse'),(1171,293,NULL,'Es posible con independencia del ajuste seleccionado.'),(1172,293,NULL,'Puede producirse pero solo con ajustes de potencia bajos.'),(1173,293,NULL,'Puede ocurrir pero solo en ajustes de máxima potencia o potencia de crucero.'),(1174,294,1,'La turbulencia de estela derecha permanece aproximadamente sobre la pista'),(1175,294,NULL,'No habrá turbulencias peligrosas sobre la pista.'),(1176,294,NULL,'La turbulencia de estela izquierda permanece aproximadamente sobre la pista.'),(1177,294,NULL,'Las turbulencias de estela derecha e izquierda permanecen aproximadamente sobre la pista.'),(1178,295,1,'110º'),(1179,295,NULL,'140º'),(1180,295,NULL,'70º'),(1181,295,NULL,'220º'),(1182,296,1,'1, 2, 3, 4 y 5 (1. Los equipos de navegación disponibles.2. Las dimensiones y características de la pista.3. La composición de las tripulaciones de vuelo.4. Los obstáculos en las áreas de aproximación y de aproximación frustrada.5. Medios para determinar y comunicar las condiciones meteorológicas.)'),(1183,296,NULL,'2, 4 y 5'),(1184,296,NULL,'1, 2, 4 y 5'),(1185,296,NULL,'2,3 y 5'),(1186,297,1,'Cuando un avión acaba de despegar desde una pista paralela muy próxima con una ligera componente lateral'),(1187,297,NULL,'Justo antes de aterrizar, un avión mucho mas ligero ha aterrizado en la misma pista con fuerte componente lateral.'),(1188,297,NULL,'Cuando el trafico precedente haya aplicado por unos instantes empuje de despegue inmediatamente antes del mismo.'),(1189,297,NULL,'Al seguir a un trafico precedente a gran velocidad.'),(1190,298,1,'Se enriquece'),(1191,298,NULL,'Se empobrece'),(1192,298,NULL,'No varia'),(1193,298,NULL,'Dependerá de la temperatura exterior'),(1194,299,1,'Cigüeñal, biela y émbolos'),(1195,299,NULL,'Cigüeñal, biela y árbol de levas'),(1196,299,NULL,'Cigüeñal, biela y junta Cardan'),(1197,299,NULL,'Biela, émbolos y hélice'),(1198,300,1,'A medida que ascendamos empobrecer mas la mezcla'),(1199,300,NULL,'Dependerá del tipo de avión'),(1200,300,NULL,'A medida que descendamos empobrecer mas la mezcla'),(1201,300,NULL,'A medida que subamos enriquecer mas la mezcla'),(1202,301,1,'Alta presión de admisión y bajas RPM'),(1203,301,NULL,'Altas RPM y baja temperatura'),(1204,301,NULL,'Alto octanaje de gasolina'),(1205,301,NULL,'Bajas RPM y baja temperatura'),(1206,302,1,'Se debe a la disminución de la densidad del aire con la altura para una misma cantidad de combustible'),(1207,302,NULL,'Verdadero, y la causa es la disminución de la temperatura'),(1208,302,NULL,'A medida que ascendemos la relación mezcla combustible permanece constante'),(1209,302,NULL,'Es falso, a medida que ascendemos en esas condiciones el rendimiento del motor es mayor'),(1210,303,1,'La posición de paso mínimo ayudada por la fuerza centrífuga'),(1211,303,NULL,'La posición de máximo paso para mantener las RPM indicadas'),(1212,303,NULL,'Dependerá la posición seleccionada en la palanca'),(1213,303,NULL,'Adoptara el ángulo que tenía antes de sufrir el fallo.'),(1214,304,1,'Aumenta al aumentar la velocidad indicada'),(1215,304,NULL,'Permanece constante'),(1216,304,NULL,'Disminuye al aumentar la velocidad indicada'),(1217,304,NULL,'Aumenta al disminuir la velocidad indicada'),(1218,305,1,'Mayor eficacia en todas las fases del vuelo'),(1219,305,NULL,'Una reducción del consumo de combustible'),(1220,305,NULL,'Mayor sencillez de construcción'),(1221,305,NULL,'Disminución de peso'),(1222,306,1,'Disminuye el paso de combustible hacia el carburador'),(1223,306,NULL,'Aumenta el paso de combustible hacia los depósitos'),(1224,306,NULL,'Disminuye el paso de aire hacia el carburador'),(1225,306,NULL,'Aumenta el paso de aire hacia el carburador'),(1226,307,1,'Marcara la lectura que tuviese antes del bloqueo'),(1227,307,NULL,'Marcara correctamente pues utiliza presión dinámica'),(1228,307,NULL,'Marcara de menos'),(1229,307,NULL,'Marcara de mas'),(1230,308,1,'El avión esta virando a la izquierda con mucho régimen de viraje'),(1231,308,NULL,'El avión esta virando a la derecha con poco régimen de viraje'),(1232,308,NULL,'El avión esta virando a la derecha con mucho régimen de viraje'),(1233,308,NULL,'El avión esta virando a la izquierda con poco régimen de viraje'),(1234,309,1,'La b y c son correctas'),(1235,309,NULL,'a.	El altímetro marca perfectamente'),(1236,309,NULL,'b.	El altímetro marca de mas'),(1237,309,NULL,'c.	El avión va mas bajo de lo que marca el altímetro'),(1238,310,1,'Presión total'),(1239,310,NULL,'Presión residual'),(1240,310,NULL,'Presión estática'),(1241,310,NULL,'Presión dinámica'),(1242,311,1,'Funcionamiento temporal'),(1243,311,NULL,'Parar el motor inmediatamente'),(1244,311,NULL,'Funcionamiento peligroso'),(1245,311,NULL,'Funcionamiento normal'),(1246,312,1,'Azul'),(1247,312,NULL,'Verde'),(1248,312,NULL,'Amarillo'),(1249,312,NULL,'Rojo'),(1250,313,1,'28 pies'),(1251,313,NULL,'32 pies'),(1252,313,NULL,'48 pies'),(1253,313,NULL,'56 pies'),(1254,314,1,'Capacidad de deformación'),(1255,314,NULL,'Refuerzo, Carcasa.'),(1256,314,NULL,'Banda de rodadura.'),(1257,314,NULL,'Precio.'),(1258,315,1,'Presión atmosférica'),(1259,315,NULL,'Máximo a la derecha.'),(1260,315,NULL,'Mínimo a la izquierda.'),(1261,315,NULL,'La mitad.'),(1262,316,1,'Generadores independientes del circuito eléctrico'),(1263,316,NULL,'Acumuladores de energía eléctrica.'),(1264,316,NULL,'Generadores de energía eléctrica dependientes del circuito eléctrico del avión.'),(1265,316,NULL,'Todas son falsas'),(1266,317,1,'A y c son correctas'),(1267,317,NULL,'c.	Pisar la bola.'),(1268,317,NULL,'a.	Inclinar más.'),(1269,317,NULL,'b.	Inclinar menos.'),(1270,318,1,'Rango de utilización de flaps'),(1271,318,NULL,'La VNE.'),(1272,318,NULL,'Velocidad de maniobra'),(1273,318,NULL,'Las velocidades optimas de despegue'),(1274,319,1,'Se enriquece la mezcla'),(1275,319,NULL,'Como consecuencia de la mezcla pobre se reducen las RPM'),(1276,319,NULL,'Se empobrece la mezcla.'),(1277,319,NULL,'La relación de mezcla no experimenta variación.'),(1278,320,1,'Reducir el flujo de combustible para compensar la disminución de la densidad del aire'),(1279,320,NULL,'Aumentar la relación de mezcla.'),(1280,320,NULL,'Reducir la cantidad de combustible presente en la mezcla para compensar el aumento de la densidad del aire.'),(1281,320,NULL,'a.	Aumentar la cantidad de combustible presente en la mezcla para compensar la reducción de presión y de densidad del aire.'),(1282,321,1,'Alta presión de admisión y bajo nº de RPM'),(1283,321,NULL,'Baja presión de admisión y flujo y alto flujo de combustible.'),(1284,321,NULL,'Alta presión de admisión y alto nº de RPM.'),(1285,321,NULL,'Baja presión de admisión y alto nº de RPM.'),(1286,322,1,'Una disminución de la densidad del aire para una cantidad de combustible constante'),(1287,322,NULL,'Un aumento de la densidad del aire para una menor cantidad de combustible.'),(1288,322,NULL,'Una densidad de aire constante para mayor cantidad de combustible.'),(1289,322,NULL,'Una disminución de la densidad del aire para menor cantidad de combustible.'),(1290,323,1,'Se desplazarán a la posición de mínimo paso por la acción de la fuerza centrífuga'),(1291,323,NULL,'Se desplazarán a una posición de paso bajo por el efecto de la presión oleo-neumática generada por el molinete.'),(1292,323,NULL,'Se desplazarán a la posición máxima por el efecto de la fuerza aerodinámica.'),(1293,323,NULL,'Se desplazarán a una determinada posición de paso según las RPM del molinete.'),(1294,324,1,'Aumenta al aumentar la velocidad verdadera'),(1295,324,NULL,'Solo varía a las RPM del motor.'),(1296,324,NULL,'No depende de la velocidad verdadera.'),(1297,324,NULL,'Disminuye al aumentar la velocidad verdadera.'),(1298,325,1,'A su mayor eficiencia en cualquier condición de funcionamiento'),(1299,325,NULL,'Su menor tensión en las palas de hélice.'),(1300,325,NULL,'Su mayor eficiencia en vuelo de crucero.'),(1301,325,NULL,'Su eficiencia constante en cualquier condición de funcionamiento.'),(1302,326,1,'Se reduce la cantidad de combustible que penetra en la cámara de combustión'),(1303,326,NULL,'Aumenta el volumen de aire que penetra en el carburador.'),(1304,326,NULL,'Se reduce el volumen de aire que penetra en el carburador.'),(1305,326,NULL,'Aumenta la cantidad de combustible que penetra en la cámara de combustión.'),(1306,327,1,'Virando a la izquierda con demasiada inclinación lateral'),(1307,327,NULL,'Virando a la izquierda sin suficiente inclinación lateral.'),(1308,327,NULL,'Virando a la derecha con demasiada inclinación lateral.'),(1309,327,NULL,'Virando a la derecha sin suficiente inclinación lateral.'),(1310,328,1,'1013'),(1311,328,NULL,'QFF'),(1312,328,NULL,'QFE'),(1313,328,NULL,'QNH'),(1314,329,1,'Se queda inutilizada'),(1315,329,NULL,'Pierde un doceavo de capacidad pero se puede seguir utilizando.'),(1316,329,NULL,'Pierde un doceavo de tensión pero se puede seguir utilizando.'),(1317,329,NULL,'Pierde un doceavo de capacidad y de tensión pero se puede seguir utilizando.'),(1318,330,1,'Indicará un viraje aparente hacia el Norte'),(1319,330,NULL,'Una fluctuación de rumbo en torno a 090º'),(1320,330,NULL,'Un viraje aparente hacia el Sur.'),(1321,330,NULL,'Ningún viraje aparente.'),(1322,331,1,'La aguja a la derecha y la bola a la izquierda'),(1323,331,NULL,'La aguja a la izquierda y la bola a la derecha.'),(1324,331,NULL,'La aguja en el centro y la bola a la derecha.'),(1325,331,NULL,'La aguja en el centro y la bola a la izquierda.'),(1326,332,1,'Amperios-hora'),(1327,332,NULL,'Ohmios.'),(1328,332,NULL,'Amperios-voltios'),(1329,332,NULL,'Amperios-Watios.'),(1330,333,1,'El flujo de combustible'),(1331,333,NULL,'El flujo de aire, combustible y temperatura.'),(1332,333,NULL,'El flujo de aire.'),(1333,333,NULL,'Los flujos de combustible y aire.'),(1334,334,1,'La relación compresión no depende del porcentaje de octanaje'),(1335,334,NULL,'Al mayor octanaje menor compresión potencial.'),(1336,334,NULL,'A menor octanaje mayor compresión potencial.'),(1337,334,NULL,'A mayor porcentaje de octanaje mayor porcentaje de compresión.'),(1338,335,1,'La temperatura del aceite'),(1339,335,NULL,'La presión del aceite.'),(1340,335,NULL,'La cantidad del aceite.'),(1341,335,NULL,'La presión externa.'),(1342,336,1,'Indicará la lectura hasta el momento del bloqueo'),(1343,336,NULL,'El instrumento indicará menos.'),(1344,336,NULL,'Volverá a cero.'),(1345,336,NULL,'Marcará de más.'),(1346,337,1,'Se reduce la cantidad de fuel que penetra en la cámara de combustión'),(1347,337,NULL,'La a y la b son correctas.'),(1348,337,NULL,'b. Se aumenta la cantidad de fuel.'),(1349,337,NULL,'a. Se aumenta la cantidad de aire de la mezcla estequiométrica que penetra en la cámara de combustión.'),(1350,338,1,'volemos a mucha potencia y deprisa'),(1351,338,NULL,'volemos a poca potencia y deprisa'),(1352,338,NULL,'volemos a poca potencia y despacio'),(1353,338,NULL,'volemos a mucha potencia y despacio'),(1354,339,1,'será el volumen de un cilindro multiplicado por el numero de estos'),(1355,339,NULL,'será el volumen de cada cilindro multiplicado por el numero de estos'),(1356,339,NULL,'multiplicaremos el numero de cilindros por la potencia del motor'),(1357,339,NULL,'todas son correctas'),(1358,340,1,'a y c son correctas'),(1359,340,NULL,'a.	masa'),(1360,340,NULL,'b.	volumen'),(1361,340,NULL,'c.	peso'),(1362,341,1,'la hélice aumentara sus revoluciones'),(1363,341,NULL,'d.	la hélice mantendrá la misma velocidad'),(1364,341,NULL,'b.	la hélice disminuye sus revoluciones'),(1365,341,NULL,'a.	la hélice mantiene las mismas revoluciones'),(1366,342,1,'dará una indicación mas baja que la velocidad del avión'),(1367,342,NULL,'marcara cero'),(1368,342,NULL,'dará una indicación mas alta de lo normal'),(1369,342,NULL,'dará una indicación correcta, pues no usa la presión estática'),(1370,343,1,'regular de forma optima el flujo de combustible sin dañar el motor'),(1371,343,NULL,'todas las anteriores son falsas'),(1372,343,NULL,'calcular la autonomía del motor'),(1373,343,NULL,'calcular la potencia efectiva del motor'),(1374,344,1,'b y c son correctas'),(1375,344,NULL,'a.	nos representa la velocidad indicada'),(1376,344,NULL,'b.	nos representa la velocidad TAS del avión'),(1377,344,NULL,'c.	nos representa la velocidad indicada corregida por temperatura'),(1378,345,1,'1,2 y 3(1. rotación terrestre.2. fallos mecánicos.3. giros sobre el eje longitudinal del avión.4. maniobras en tierra del avión.5. el Norte.)'),(1379,345,NULL,'2 y 5'),(1380,345,NULL,'1,2,4 y 5'),(1381,345,NULL,'1,2,3,4 y 5'),(1382,346,1,'Todas a delante'),(1383,346,NULL,'Paso a delante solo.'),(1384,346,NULL,'Gases adelante solo.'),(1385,346,NULL,'Todas son falsas.'),(1386,347,1,'Aumentando paso y después Map'),(1387,347,NULL,'Disminuyendo paso y después Map.'),(1388,347,NULL,'Aumentando Map y después paso.'),(1389,347,NULL,'B y C son correctas.'),(1390,348,1,'Antes, en cada vuelta alternativa de cigüeñal'),(1391,348,NULL,'Después, en cada vuelta continua de cigüeñal.'),(1392,348,NULL,'Después, en cada vuelta alternativa de cigüeñal.'),(1393,348,NULL,'Antes, en cada vuelta continua de cigüeñal.'),(1394,349,1,'Posición'),(1395,349,NULL,'Histéresis.'),(1396,349,NULL,'Barométrico'),(1397,349,NULL,'Instrumental.'),(1398,350,1,'VNE y operación normal'),(1399,350,NULL,'VNE y Vs.'),(1400,350,NULL,'Vs y Vso.'),(1401,350,NULL,'VNE y Vfe.'),(1402,351,1,'Área del embolo * carrera del émbolo * número de cilindros'),(1403,351,NULL,'Longitud del cilindro * diámetro del mismo.'),(1404,351,NULL,'Área del émbolo * carrera del émbolo.'),(1405,351,NULL,'Cilindrada * número de cilindros.'),(1406,352,1,'Aumentando de RPM antes de aumentar la presión de admisión'),(1407,352,NULL,'Reduciendo de RPM antes de reducir la presión de admisión.'),(1408,352,NULL,'Ajustando el flujo de combustible antes de ajustar la presión de admisión.'),(1409,352,NULL,'Aumentando la presión de admisión antes de aumentar las RPM.'),(1410,353,1,'Vso'),(1411,353,NULL,'Vs'),(1412,353,NULL,'Vge'),(1413,353,NULL,'Vne.'),(1414,354,1,'(1) bajo (2) adelante'),(1415,354,NULL,'(1 bajo (2) atrás'),(1416,354,NULL,'(1) alto (2) atrás'),(1417,354,NULL,'(1) alto (2) adelante'),(1418,355,1,'Servicio de información de vuelo de aeródromo'),(1419,355,NULL,'Servicio automático de información'),(1420,355,NULL,'Área fija de información'),(1421,355,NULL,'Todas son falsas'),(1422,356,1,'b y c son correctas'),(1423,356,NULL,'a.	El de un ILS'),(1424,356,NULL,'b.	El de un VOR'),(1425,356,NULL,'c.	Cualquiera de los VHF'),(1426,357,1,'Prosiga con su mensaje'),(1427,357,NULL,'Repita todo el mensaje'),(1428,357,NULL,'Recibido'),(1429,357,NULL,'Espere'),(1430,358,1,'Afirma'),(1431,358,NULL,'Afirmativo'),(1432,358,NULL,'Correcto'),(1433,358,NULL,'Sí'),(1434,359,1,'Metros'),(1435,359,NULL,'Pies'),(1436,359,NULL,'Metros o pies'),(1437,359,NULL,'Todas son correctas'),(1438,360,1,'b y c son correctas'),(1439,360,NULL,'a.	Cumpla con las instrucciones dadas'),(1440,360,NULL,'b.	Repita todo el mensaje tal y como lo haya entendido'),(1441,360,NULL,'c.	Nos esta pidiendo que hagamos read back'),(1442,361,1,'Una región de información de vuelo'),(1443,361,NULL,'Un espacio aéreo asesorado.'),(1444,361,NULL,'Un espacio aéreo controlado.'),(1445,361,NULL,'Todas son correctas.'),(1446,362,1,'Rumbo magnético hacia la emisora (sin viento).'),(1447,362,NULL,'Rumbo verdadero hacia la emisora (sin viento).'),(1448,362,NULL,'Marcación magnética desde la emisora.'),(1449,362,NULL,'Marcación verdadera desde la emisora.'),(1450,363,1,'QTE'),(1451,363,NULL,'QDR.'),(1452,363,NULL,'QDM.'),(1453,363,NULL,'QFE.'),(1454,364,1,'Uno dos cero decimal tres siete'),(1455,364,NULL,'Uno dos cero tres siete.'),(1456,364,NULL,'Uno dos cero decimal tres siete cinco.'),(1457,364,NULL,'Uno dos cero decimal tres siete.'),(1458,365,1,'Se usa un nivel acústico constante al hablar'),(1459,365,NULL,'Se enfatiza cada inicio de palabra.'),(1460,365,NULL,'Se enfatiza al final.'),(1461,365,NULL,'Se usa el método de dos veces cada palabra.'),(1462,366,1,'Usar un tono de conversación normal, hablando con claridad y buena pronunciación'),(1463,366,NULL,'Hablar en un tono muy elevado.'),(1464,366,NULL,'Utilizar a menudo muletillas del tipo “em”.'),(1465,366,NULL,'Mantener el micrófono bien alejado de la boca ya que así se mejora la facilidad de comprensión.'),(1466,367,1,'Tierra'),(1467,367,NULL,'Control.'),(1468,367,NULL,'Aproximación.'),(1469,367,NULL,'Tierra'),(1470,368,1,'Manteniendo posición sin acceder'),(1471,368,NULL,'Wilco (comprendido)'),(1472,368,NULL,'Nos pasaremos antes.'),(1473,368,NULL,'Roger (enterado)'),(1474,369,1,'QNH uno cero cero uno'),(1475,369,NULL,'QNH uno doble cero uno.'),(1476,369,NULL,'QNH mil uno.'),(1477,369,NULL,'QNH diez cero uno.'),(1478,370,1,'Nubosidad variable'),(1479,370,NULL,'Nubosidad en el cielo.'),(1480,370,NULL,'Presencia de nubes en cinco a siete octavos del cielo.'),(1481,370,NULL,'1 a 7 octavos de nubes.'),(1482,371,1,'7600'),(1483,371,NULL,'7700'),(1484,371,NULL,'6700'),(1485,371,NULL,'7500'),(1486,372,1,'Dos veces en la frecuencia designada'),(1487,372,NULL,'Una vez en la frecuencia designada.'),(1488,372,NULL,'Sólo en la frecuencia de emergencia.'),(1489,372,NULL,'Todas son correctas'),(1490,373,1,'85 NM'),(1491,373,NULL,'8NM'),(1492,373,NULL,'15 NM'),(1493,373,NULL,'150 NM'),(1494,374,1,'7700'),(1495,374,NULL,'7500'),(1496,374,NULL,'6700'),(1497,374,NULL,'7600'),(1498,375,1,'Listo para salida o listo'),(1499,375,NULL,'Listo para salir.'),(1500,375,NULL,'Listo para alinear.'),(1501,375,NULL,'Listo para despegue.'),(1502,376,1,'He recibido entera su última transmisión'),(1503,376,NULL,'Autorización para despegar.'),(1504,376,NULL,'Respuesta directa en negativo.'),(1505,376,NULL,'Respuesta directa en afirmativo.'),(1506,377,1,'Mensaje de seguridad en vuelo'),(1507,377,NULL,'Mensaje no autorizado.'),(1508,377,NULL,'Mensaje de urgencias.'),(1509,377,NULL,'Mensaje de regularidad en vuelo.'),(1510,378,1,'Inteligible con dificultad'),(1511,378,NULL,'Inteligible.'),(1512,378,NULL,'Ningún problema de comprensión.'),(1513,378,NULL,'Alto y claro.'),(1514,379,1,'Mensajes de teletipo de radio'),(1515,379,NULL,'Meteorológicas.'),(1516,379,NULL,'Mensajes safety.'),(1517,379,NULL,'Urgentes'),(1518,380,1,'Pista en servicio, ajustes de altímetro, códigos SSR, ordenadas de nivel, rumbo y órdenes de vuelo'),(1519,380,NULL,'Hora, pista en servicio, ajustes de altímetro, órdenes de nivel, código SSR.'),(1520,380,NULL,'Viento en superficie, visibilidad, temperatura en tierra, pista en servicio, ajustes de altímetro, órdenes sobre rumbo y velocidad.'),(1521,380,NULL,'Pista en servicio, visibilidad, viento en superficie, órdenes de rumbo, ajustes de altímetro.'),(1522,381,1,'En espera'),(1523,381,NULL,'Wilco'),(1524,381,NULL,'Adelante.'),(1525,381,NULL,'Colacione'),(1526,382,1,'Comprendido (Wilco)'),(1527,382,NULL,'Roger.'),(1528,382,NULL,'Recibido.'),(1529,382,NULL,'Recibido y procederé'),(1530,383,1,'En la actual'),(1531,383,NULL,'121.5 Mhz'),(1532,383,NULL,'En cualquier frecuencia de emergencia.'),(1533,383,NULL,'243 Mhz'),(1534,384,1,'A y b son correctas'),(1535,384,NULL,'a.	Cuando no exista confusión con otras aeronaves'),(1536,384,NULL,'b.	Cuando haya contactado satisfactoriamente, previamente.'),(1537,384,NULL,'c.	Nunca'),(1538,385,1,'350 nm'),(1539,385,NULL,'250 nm'),(1540,385,NULL,'150 nm'),(1541,385,NULL,'120 nm'),(1542,386,1,'VOR y/o frecuencia discreta VHF'),(1543,386,NULL,'Frecuencia NDB'),(1544,386,NULL,'Canal de voz ILS'),(1545,386,NULL,'Canal de voz DME'),(1546,387,1,'Existe peligro para un pasajero o para la aeronave que no necesite ayuda inmediata'),(1547,387,NULL,'Persona en problemas sin necesidad de ayuda inmediata.'),(1548,387,NULL,'No necesitamos ayuda inmediata.'),(1549,387,NULL,'Aquel estado que afecta a la actitud de un avión al interceptar el localizador durante una aproximación LS.'),(1550,388,1,'De Orto a Ocaso'),(1551,388,NULL,'De Ocaso a Orto.'),(1552,388,NULL,'Horario de operación continua'),(1553,388,NULL,'Ninguna es correcta'),(1554,389,1,'B y c correctas'),(1555,389,NULL,'a.	Proseguiremos nuestro vuelo'),(1556,389,NULL,'b.	Aterrizaremos en el aeródromo adecuado mas próximo'),(1557,389,NULL,'c.	Notificaremos lo antes posible nuestra hora de arribada y el lugar'),(1558,390,1,'Alturas y relieve del terreno'),(1559,390,NULL,'Ionosfera.'),(1560,390,NULL,'Día y Noche.'),(1561,390,NULL,'Tormentas'),(1562,391,1,'Repetir el mensaje recibido tal y como lo hayamos entendido'),(1563,391,NULL,'Realizar la maniobra que se nos haya ordenado con la mayor rapidez posible'),(1564,391,NULL,'Todas son correctas'),(1565,391,NULL,'Ninguna es correcta'),(1566,392,1,'Afirmo'),(1567,392,NULL,'Si'),(1568,392,NULL,'Afirmativo.'),(1569,392,NULL,'Recibido (Roger).'),(1570,393,1,'En metros'),(1571,393,NULL,'En millas náuticas.'),(1572,393,NULL,'En miles de pies.'),(1573,393,NULL,'En millas terrestres.'),(1574,394,1,'A y c son correctas'),(1575,394,NULL,'a.	Adelante.'),(1576,394,NULL,'b.	Imposible cumplir.'),(1577,394,NULL,'c.	Prosiga con su mensaje.'),(1578,395,1,'QFE'),(1579,395,NULL,'QDM'),(1580,395,NULL,'QBI'),(1581,395,NULL,'QNH'),(1582,396,1,'Igual que alinear y mantener en pista 07'),(1583,396,NULL,'Mayor que transmita para QDM.'),(1584,396,NULL,'Mayor que precaución obras a la izquierda de la calle de rodadura.'),(1585,396,NULL,'Menor que autorizado a aterrizar.'),(1586,397,1,'CTR'),(1587,397,NULL,'CTA'),(1588,397,NULL,'CTZ'),(1589,397,NULL,'CZ'),(1590,398,1,'QNH'),(1591,398,NULL,'QFE'),(1592,398,NULL,'QMJ'),(1593,398,NULL,'QFF'),(1594,399,1,'Deberá emplearse siempre'),(1595,399,NULL,'El término decimal podrá emitirse siempre que no haya lugar a errores de interpretación.'),(1596,399,NULL,'Podrá dejarse de transmitir.'),(1597,399,NULL,'Debe pronunciarse solo si va seguido de tres dígitos.'),(1598,400,1,'118.7 XBC'),(1599,400,NULL,'Cambiado XBC.'),(1600,400,NULL,'Cambiaré a torre XBC'),(1601,400,NULL,'Torre Stifer Bil XBC.'),(1602,401,1,'Repita'),(1603,401,NULL,'¿Cuál era su mensaje?'),(1604,401,NULL,'Repita su última transmisión.'),(1605,401,NULL,'Repita su mensaje.'),(1606,402,1,'Tratar de establecer contacto con la estación en una frecuencia alternativa'),(1607,402,NULL,'Proseguir el vuelo sin comunicación.'),(1608,402,NULL,'Aterrizar en el aeropuerto más próximo.'),(1609,402,NULL,'Volver al aeropuerto.'),(1610,403,1,'E-XD'),(1611,403,NULL,'AXD'),(1612,403,NULL,'C-XD'),(1613,403,NULL,'No se puede abreviar'),(1614,404,1,'QDR'),(1615,404,NULL,'QTE'),(1616,404,NULL,'QFE'),(1617,404,NULL,'QDM'),(1618,405,1,'Mensaje de socorro'),(1619,405,NULL,'Mensaje urgente'),(1620,405,NULL,'Mensaje de clase B'),(1621,405,NULL,'Mensaje de seguridad (safety) de vuelo'),(1622,406,1,'Hotel Bravo Juliet Yankee Charlie'),(1623,406,NULL,'Hotel Bravo Juliet India Kilo'),(1624,406,NULL,'Hotel Bravo India Yankee Charlie'),(1625,406,NULL,'Hotel Bravo India Victor Charlie'),(1626,407,1,'Repita todo el mensaje, o la parte específica del mismo, tal y como lo haya recibido'),(1627,407,NULL,'Recibió correctamente el mensaje.'),(1628,407,NULL,'Compruebe y confirme con el emisor.'),(1629,407,NULL,'Hágame saber si ha recibido y entiende el mensaje.'),(1630,408,1,'Recibido'),(1631,408,NULL,'Comprendido (Wilco).'),(1632,408,NULL,'Cumpliré su orden.'),(1633,408,NULL,'De acuerdo lo haré.'),(1634,409,1,'Realice aproximación frustrada'),(1635,409,NULL,'Vire 360º.'),(1636,409,NULL,'Proceda con su mensaje.'),(1637,409,NULL,'Adelante al trafico precedente.'),(1638,410,1,'Visibilidad igual o superior a 10 Km, despejado por debajo de 5.000 pies/GND'),(1639,410,NULL,'Visibilidad igual o superior a 10 Km, despejado por debajo de 1.500 pies/GND.'),(1640,410,NULL,'Visibilidad superior a 5.000 mts, despejado por debajo de 1.500 mts/GND.'),(1641,410,NULL,'Visibilidad superior a 8 Km, despejado por debajo 3.000 pies/GND.'),(1642,411,1,'No es capaz de establecer contacto por radio debido a un fallo en sus equipos de comunicaciones'),(1643,411,NULL,'Se desvía al aeropuerto alternativo.'),(1644,411,NULL,'Solicita un cambio inmediato de nivel de vuelo.'),(1645,411,NULL,'Trata de realizar un aterrizaje forzoso.'),(1646,412,1,'Avisar a que hora volverá a intentar una nueva transmisión'),(1647,412,NULL,'Volver al aeropuerto de partida.'),(1648,412,NULL,'Adherirse al tramo de base durante la aproximación para el aterrizaje.'),(1649,412,NULL,'Aterrizar en el aeropuerto mas cercano.'),(1650,413,1,'121.500 Mhz'),(1651,413,NULL,'121.050 Mhz'),(1652,413,NULL,'122.500 Mhz'),(1653,413,NULL,'6.000Khz'),(1654,414,1,'Un mensaje de seguridad en vuelo'),(1655,414,NULL,'Un mensaje de urgencia.'),(1656,414,NULL,'Un mensaje meteorológico.'),(1657,414,NULL,'Un mensaje relativo a la localización de direcciones.'),(1658,415,1,'21.600 NM'),(1659,415,NULL,'252.9658 Km'),(1660,415,NULL,'6.608.8745 Km'),(1661,415,NULL,'458.652 Nm'),(1662,416,1,'Una deriva a la derecha'),(1663,416,NULL,'Una deriva a la izquierda.'),(1664,416,NULL,'Fuerte viento de cola'),(1665,416,NULL,'Fuerte viento de cara'),(1666,417,1,'Es la hora fijada por las autoridades competentes de un país o en una zona determinada de un país'),(1667,417,NULL,'Forma de expresar la hora media local'),(1668,417,NULL,'Otra manera de denominar la UTC.'),(1669,417,NULL,'Sistema de husos horarios aplicables a USA.'),(1670,418,1,'033º'),(1671,418,NULL,'359º'),(1672,418,NULL,'337º'),(1673,418,NULL,'007º'),(1674,419,1,'Subindica un viraje y la turbulencia del líquido aumenta el efecto'),(1675,419,NULL,'Subindica un viraje y la turbulencia del líquido aumenta el efecto.'),(1676,419,NULL,'Subindica un viraje y la turbulencia del líquido disminuye el efecto.'),(1677,419,NULL,'Sobreindica un viraje y la turbulencia del liquido disminuye el efecto'),(1678,420,1,'180º'),(1679,420,NULL,'Debe ser 0 en el ecuador magnético'),(1680,420,NULL,'Varía entre un máximo de 45º Este y 45º Oeste'),(1681,420,NULL,'90º'),(1682,421,1,'Unen puntos con la misma elevación del terreno sobre el nivel del mar'),(1683,421,NULL,'Unen puntos con la misma declinación.'),(1684,421,NULL,'Unen puntos de la misma longitud'),(1685,421,NULL,'Unen puntos de la misma altitud.'),(1686,422,1,'36,30 millas'),(1687,422,NULL,'67,20 millas.'),(1688,422,NULL,'3,69 millas.'),(1689,422,NULL,'270 millas.'),(1690,423,1,'130 NM'),(1691,423,NULL,'43 NM'),(1692,423,NULL,'150 NM'),(1693,423,NULL,'329 NM'),(1694,424,1,'1:6.0.0'),(1695,424,NULL,'1:3.000.000'),(1696,424,NULL,'1:5.000.000'),(1697,424,NULL,'1:1.000.000'),(1698,425,1,'435'),(1699,425,NULL,'450'),(1700,425,NULL,'575'),(1701,425,NULL,'550'),(1702,426,1,'1 minuto 07 segundos'),(1703,426,NULL,'2 minutos'),(1704,426,NULL,'50 segundos'),(1705,426,NULL,'1 minuto'),(1706,427,1,'360/15'),(1707,427,NULL,'270/15'),(1708,427,NULL,'90/15'),(1709,427,NULL,'180/15'),(1710,428,1,'056º'),(1711,428,NULL,'064º'),(1712,428,NULL,'048º'),(1713,428,NULL,'072º'),(1714,429,1,'22 Kt'),(1715,429,NULL,'35 Kt'),(1716,429,NULL,'10 Kt'),(1717,429,NULL,'30 Kt'),(1718,430,1,'La velocidad sobre el suelo'),(1719,430,NULL,'la ruta que esta siguiendo'),(1720,430,NULL,'La velocidad TAS'),(1721,430,NULL,'Ninguna es correcta'),(1722,431,1,'88'),(1723,431,NULL,'112'),(1724,431,NULL,'135'),(1725,431,NULL,'105'),(1726,432,1,'Estereográfica'),(1727,432,NULL,'Gnomónica.'),(1728,432,NULL,'Escenográfica'),(1729,432,NULL,'Ortográfica.'),(1730,433,1,'Dará la distancia real'),(1731,433,NULL,'Dará una distancia errónea.'),(1732,433,NULL,'A 6000’ el DME no es operativo pues da marcación a partir de 7.000’.'),(1733,433,NULL,'Nos dará la distancia real menos un 15% por el error debido a la zona de confusión.'),(1734,434,1,'Es válido tanto para vuelo a baja como alta velocidad'),(1735,434,NULL,'Los meridianos son líneas convergentes sobre el polo más allá de los límites de la carta.'),(1736,434,NULL,'Es conforme.'),(1737,434,NULL,'Los meridianos y paralelos se cortan según ángulos rectos.'),(1738,435,1,'Primero la carta y luego el exterior'),(1739,435,NULL,'Es indiferente.'),(1740,435,NULL,'Primero el exterior y luego la carta.'),(1741,435,NULL,'Depende del tipo de terreno sobre el que sobrevolemos.'),(1742,436,1,'114 Kts'),(1743,436,NULL,'128 Kts.'),(1744,436,NULL,'125 Kts.'),(1745,436,NULL,'136 Kts.'),(1746,437,1,'112º, 114 Kts'),(1747,437,NULL,'125º, 110 Kts.'),(1748,437,NULL,'130º, 95 Kts.'),(1749,437,NULL,'128º, 166 Kts.'),(1750,438,1,'Escenográfica'),(1751,438,NULL,'Gnomónica.'),(1752,438,NULL,'Estereográfica.'),(1753,438,NULL,'Ortográfica.'),(1754,439,1,'Las cartas equivalentes son conformes'),(1755,439,NULL,'La escala corresponde a la razón entre cualquier unidad de la longitud la superficie de la tierra y la distancia que esta longitud representa en la carta.'),(1756,439,NULL,'Las líneas Loxodrómicas en una carta OACI 1/500.000 son líneas curvas.'),(1757,439,NULL,'La escala de distancia en una carta OACI 1/500.000 puede considerarse como prácticamente constante.'),(1758,440,1,'La máxima intensidad que alcanza la componente vertical del campo magnético de la tierra'),(1759,440,NULL,'La débil intensidad que alcanza la componente vertical del campo magnético de la tierra.'),(1760,440,NULL,'La máxima intensidad que alcanza la componente horizontal del campo magnético de la tierra.'),(1761,440,NULL,'La débil intensidad que alcanza la componente horizontal del campo magnético de la tierra.'),(1762,441,1,'Círculos menores'),(1763,441,NULL,'Líneas de rumbo verdadero.'),(1764,441,NULL,'Líneas loxodrómicas.'),(1765,441,NULL,'Líneas ortodrómicas.'),(1766,442,1,'VOR'),(1767,442,NULL,'ADF.'),(1768,442,NULL,'Gonio de VHF.'),(1769,442,NULL,'NDB.'),(1770,443,1,'Bajas y medias'),(1771,443,NULL,'Medias.'),(1772,443,NULL,'Altas y muy altas.'),(1773,443,NULL,'Altas.'),(1774,444,1,'Un aeródromo de emergencia'),(1775,444,NULL,'Una aeródromo terrestre civil.'),(1776,444,NULL,'Un aeródromo terrestre militar.'),(1777,444,NULL,'Un aeródromo controlado.'),(1778,445,1,'Como el ángulo medido en sentido de las agujas del reloj desde el norte'),(1779,445,NULL,'Como el ángulo medido en sentido contrario a las agujas del reloj desde el sur.'),(1780,445,NULL,'Como el ángulo medido en sentido de las agujas del reloj desde el norte.'),(1781,445,NULL,'Como el ángulo medido en sentido de las agujas del reloj desde el sur.'),(1782,446,1,'Nos sobran 5 minutos de autonomía para llegar'),(1783,446,NULL,'Llegamos justo cuando se nos termina el combustible.'),(1784,446,NULL,'Nos sobras 15 minutos de autonomía para llegar.'),(1785,446,NULL,'Nos faltan 5 minutos de autonomía para llegar.'),(1786,447,1,'23º 27 minutos'),(1787,447,NULL,'47º 35 minutos.'),(1788,447,NULL,'7º'),(1789,447,NULL,'10º 15 minutos.'),(1790,448,1,'Semicírculos máximos'),(1791,448,NULL,'Ninguna es correcta.'),(1792,448,NULL,'Paralelos a los paralelos.'),(1793,448,NULL,'Círculos máximos.'),(1794,449,1,'La línea que une puntos de igual declinación magnética'),(1795,449,NULL,'La línea que une puntos de igual desvío.'),(1796,449,NULL,'La línea que une puntos de igual inclinación magnética.'),(1797,449,NULL,'La línea que une puntos de iguales coordenadas geograficas magnética.'),(1798,450,1,'La línea que une puntos de declinación cero'),(1799,450,NULL,'La línea que une puntos de igual inclinación.'),(1800,450,NULL,'La línea que une puntos de igual desvío.'),(1801,450,NULL,'Ninguna es correcta.'),(1802,451,1,'80º'),(1803,451,NULL,'40º.'),(1804,451,NULL,'60º.'),(1805,451,NULL,'100º.'),(1806,452,1,'En determinar la posición del avión mediante el cálculo de la velocidad, espacio y tiempo'),(1807,452,NULL,'Se llama así a la navegación que sigue rutas ortodrómicas.'),(1808,452,NULL,'Navegación basada en la utilización como referencia de radioayudas.'),(1809,452,NULL,'Navegación basada en la observación de las cartas y determinar la posición mediante estas.'),(1810,453,1,'Trazar un sector de unos 25º a cada lado de la ruta y tratar de buscarnos en ese sector'),(1811,453,NULL,'Trazar virajes de 360º siempre hacia el lado del viento para identificar él último punto reconocido.'),(1812,453,NULL,'Si conocemos la dirección del viento analizar el sector al que nos haya desplazado.'),(1813,453,NULL,'Contactar con una torre de control para que nos den una marcación mediante la radio.'),(1814,454,1,'45 minutos'),(1815,454,NULL,'25 minutos.'),(1816,454,NULL,'1 hora.'),(1817,454,NULL,'1 hora y 30 minutos.'),(1818,455,1,'2 horas'),(1819,455,NULL,'1 hora y 30 minutos.'),(1820,455,NULL,'2 horas 30 minutos.'),(1821,455,NULL,'3 horas.'),(1822,456,1,'El radial 0º coincide con el norte magnético'),(1823,456,NULL,'El radial 0º coincide con el sur magnético.'),(1824,456,NULL,'El radial 0º coincide con el sur geográfico.'),(1825,456,NULL,'El radial 0º coincide con el norte geográfico.'),(1826,457,1,'Verdadero'),(1827,457,NULL,'Falso.'),(1828,457,NULL,NULL),(1829,457,NULL,NULL),(1830,458,1,'De cuadro y de sentido'),(1831,458,NULL,'De marcación y de recepción morse.'),(1832,458,NULL,'De marcación y de rumbo.'),(1833,458,NULL,'De marcación y de origen.'),(1834,459,1,'Al ángulo formado por el morro del avión y la punta de la aguja del ADF medido en el sentido de las agujas del reloj'),(1835,459,NULL,'Al rumbo magnético que debemos seguir para ir a la estación NDB.'),(1836,459,NULL,'Al rumbo magnético que debemos seguir para alejarnos del NDB.'),(1837,459,NULL,'A la diferencia entre la marcación de la aguja del ADF y el norte magnético.'),(1838,460,1,'QDM'),(1839,460,NULL,'QRM.'),(1840,460,NULL,'QDD.'),(1841,460,NULL,'QNH.'),(1842,461,1,'La aguja del ADF apuntará hacia el foco productor de rayos'),(1843,461,NULL,'Ninguna es correcta.'),(1844,461,NULL,'Cuando el avión se introduce en una zona de precipitación fuerte de lluvia, el ADF produce un error de +/-10º.'),(1845,461,NULL,'En que los equipos NDB de tierra se desconectan automáticamente cuando hay tormenta, dejando de oírse el código Morse.'),(1846,462,1,'Radar secundario'),(1847,462,NULL,'Radar no autónomo.'),(1848,462,NULL,'Radar primario.'),(1849,462,NULL,'Radar de primera clase.'),(1850,463,1,'La a y la c son correctas'),(1851,463,NULL,'c.	Utilizando un VOR/DME.'),(1852,463,NULL,'b.	Con una estación NDB podemos situar nuestro punto de posición.'),(1853,463,NULL,'a.	Mediante un cruce de radiales de dos estaciones VOR.'),(1854,464,1,'Error de valle'),(1855,464,NULL,'Error de costa.'),(1856,464,NULL,'Error de montaña.'),(1857,464,NULL,'Error nocturno.'),(1858,465,1,'134 Kt'),(1859,465,NULL,'150 Kt.'),(1860,465,NULL,'140 Kt.'),(1861,465,NULL,'134 Kt.'),(1862,466,1,'Máxima inclinación vertical'),(1863,466,NULL,'Máxima inclinación horizontal.'),(1864,466,NULL,'Mínima inclinación horizontal.'),(1865,466,NULL,'Mínima inclinación vertical.'),(1866,467,1,'60º'),(1867,467,NULL,'80º.'),(1868,467,NULL,'120º.'),(1869,467,NULL,'240º.'),(1870,468,1,'300º'),(1871,468,NULL,'120º'),(1872,468,NULL,'180º.'),(1873,468,NULL,'No se puede saber.'),(1874,469,1,'El viento viene de la derecha'),(1875,469,NULL,'Nos alejamos de la estación.'),(1876,469,NULL,'Estamos encima de la estación.'),(1877,469,NULL,'El viento viene de la izquierda.'),(1878,470,1,'Escenográfica'),(1879,470,NULL,'Estereográfica.'),(1880,470,NULL,'Ortográfica.'),(1881,470,NULL,'Gnomónica.'),(1882,471,1,'120 NM'),(1883,471,NULL,'150 NM.'),(1884,471,NULL,'180 NM.'),(1885,471,NULL,'50 NM.'),(1886,472,1,'Verdadero'),(1887,472,NULL,'Falso.'),(1888,472,NULL,NULL),(1889,472,NULL,NULL),(1890,473,1,'VHF'),(1891,473,NULL,'LF/MF.'),(1892,473,NULL,'HF.'),(1893,473,NULL,'UHF.'),(1894,474,1,'20 minutos'),(1895,474,NULL,'Dependerá del viento.'),(1896,474,NULL,'30 minutos.'),(1897,474,NULL,'45 minutos.'),(1898,475,1,'Rumbos sí pero distancias no'),(1899,475,NULL,'Nunca.'),(1900,475,NULL,'Rumbos no pero distancias sí.'),(1901,475,NULL,'Sí siempre.'),(1902,476,1,'Cuanto más separados estén los satélites más error tendrá'),(1903,476,NULL,'Las reflexiones en el suelo pueden hacer que pierda precisión.'),(1904,476,NULL,'Las refracciones en la ionosfera pueden producir error.'),(1905,476,NULL,'Las descargas en la troposfera hacen variar el reloj de los satélites.'),(1906,477,1,'En los polos porque el campo horizontal es mínimo'),(1907,477,NULL,'En el ecuador porque el campo vertical es máximo.'),(1908,477,NULL,'En los polos porque el campo vertical es mínimo.'),(1909,477,NULL,'En el ecuador porque el campo horizontal es mínimo.'),(1910,478,1,'UHF'),(1911,478,NULL,'UHF, EHF.'),(1912,478,NULL,'LF, MF.'),(1913,478,NULL,'VHF.'),(1914,479,1,'Todas son correctas'),(1915,479,NULL,'Es conforme.'),(1916,479,NULL,'Podemos medir distancias directamente.'),(1917,479,NULL,'Podemos medir rumbos directamente.'),(1918,480,1,'El Norte Magnético y el Norte de la Brújula'),(1919,480,NULL,'El Norte Verdadero y el Norte de la Brújula.'),(1920,480,NULL,'El Norte Verdadero y el Norte Magnético.'),(1921,480,NULL,'La componente horizontal de la intensidad y la intensidad total del campo magnético terrestre.'),(1922,481,1,'192 Kt, 7º a la derecha'),(1923,481,NULL,'225 Kt, 7º a la izquierda.'),(1924,481,NULL,'192 Kt, 7º a la izquierda.'),(1925,481,NULL,'200 Kt, 3,5º a la derecha.'),(1926,482,1,'Hora prevista de llegada a un punto o a un punto de referencia de ruta'),(1927,482,NULL,'Hora prevista de ruta.'),(1928,482,NULL,'Hora prevista de llegada a destino.'),(1929,482,NULL,'Hora real de llegada a un punto o a un punto de referencia.'),(1930,483,1,'221º'),(1931,483,NULL,'180º.'),(1932,483,NULL,'211º.'),(1933,483,NULL,'208º.'),(1934,484,1,'26,7 NM'),(1935,484,NULL,'19,2 NM.'),(1936,484,NULL,'16,0 NM.'),(1937,484,NULL,'38,4 NM.'),(1938,485,1,'44'),(1939,485,NULL,'226'),(1940,485,NULL,'224'),(1941,485,NULL,'46'),(1942,486,1,'240 Kt'),(1943,486,NULL,'220 Kt'),(1944,486,NULL,'200 Kt'),(1945,486,NULL,'180 Kt'),(1946,487,1,'9º Izquierda'),(1947,487,NULL,'16º Izquierda'),(1948,487,NULL,'7º Derecha'),(1949,487,NULL,'7º Izquierda'),(1950,488,1,'186 Kt'),(1951,488,NULL,'290 Kt.'),(1952,488,NULL,'246 Kt.'),(1953,488,NULL,'250 Kt.'),(1954,489,1,'5º Izquierda y menos de 470 Kt'),(1955,489,NULL,'5º Izquierda y 475 Kt.'),(1956,489,NULL,'5º Derecha y 475 Kt.'),(1957,489,NULL,'3º Derecha y 470 Kt.'),(1958,490,1,'59 minutos'),(1959,490,NULL,'58 minutos.'),(1960,490,NULL,'1 hora y un minuto.'),(1961,490,NULL,'57 minutos.'),(1962,491,1,'Aparentemente hacia el sur y en sentido horario'),(1963,491,NULL,'Aparentemente hacia el sur y en sentido antihorario'),(1964,491,NULL,'Aparentemente hacia el norte y en sentido horario.'),(1965,491,NULL,'Aparentemente hacia el norte y en sentido antihorario.'),(1966,492,1,'180/30'),(1967,492,NULL,'185/35'),(1968,492,NULL,'180/40.'),(1969,492,NULL,'180/35.'),(1970,493,1,'Estamos volando una ruta loxodrómica a rumbo constante'),(1971,493,NULL,'Estamos volando una marcación magnética.'),(1972,493,NULL,'Estamos volando una ruta ortodrómica.'),(1973,493,NULL,'Estamos volando una marcación geográfica.'),(1974,494,1,'disminución del peso'),(1975,494,NULL,'aumento de altura'),(1976,494,NULL,'aumento de la densidad'),(1977,494,NULL,'aumento del factor de carga'),(1978,495,1,'desciende súbitamente'),(1979,495,NULL,'se inclina lateralmente'),(1980,495,NULL,'guiña'),(1981,495,NULL,'sciende'),(1982,496,1,'asciende'),(1983,496,NULL,'desciende'),(1984,496,NULL,'sufre una inclinación lateral'),(1985,496,NULL,'no ocurre nada'),(1986,497,1,'la capa del plano donde la velocidad de la corriente de aire va desde 0 hasta la velocidad de la corriente libre de aire'),(1987,497,NULL,'un patrón de corrientes turbulentas alrededor del perfil'),(1988,497,NULL,'la succión en el extradós del plano'),(1989,497,NULL,'las ondas de choque a velocidad transonica'),(1990,498,1,'lo suficientemente adelantado del punto neutro'),(1991,498,NULL,'entre el limite posterior y el punto neutro'),(1992,498,NULL,'detrás del punto neutro'),(1993,498,NULL,'en el punto neutro'),(1994,499,1,'alerón diferencial tipo frise'),(1995,499,NULL,'trim tab'),(1996,499,NULL,'panel de descompensación'),(1997,499,NULL,'aleta de compensación'),(1998,500,1,'sustentación / peso'),(1999,500,NULL,'peso / sustentación'),(2000,500,NULL,'carga alar'),(2001,500,NULL,'ángulo de alabeo'),(2002,501,1,'peso superior a sustentación'),(2003,501,NULL,'sustentación inferior a la resistencia aerodinámica'),(2004,501,NULL,'resistencia aerodinámica inferior a las fuerzas aerodinámicas que hacen avanzar al avión'),(2005,501,NULL,'sustentación igual al peso'),(2006,502,1,'capa limite turbulenta'),(2007,502,NULL,'sin diferencia'),(2008,502,NULL,'capa limite de transición'),(2009,502,NULL,'capa limite laminar'),(2010,503,1,'a mayor altitud, mayor TAS'),(2011,503,NULL,'igual TAS en las dos altitudes'),(2012,503,NULL,'no podemos saber su TAS'),(2013,503,NULL,'a mayor altitud menor TAS'),(2014,504,1,'alargándola'),(2015,504,NULL,'acortándola'),(2016,504,NULL,'aumenta con los flaps extendidos'),(2017,504,NULL,'no afecta a la distancia de aterrizaje'),(2018,505,1,'en todas las direcciones'),(2019,505,NULL,'perpendicular a la línea de vuelo'),(2020,505,NULL,'en la dirección del flujo'),(2021,505,NULL,'en la dirección de la presión total'),(2022,506,1,'el coeficiente de sustentación y la resistencia aerodinámica'),(2023,506,NULL,'la velocidad de entrada en perdida'),(2024,506,NULL,'el coeficiente de sustentación máximo y la resistencia aerodinámica'),(2025,506,NULL,'la sustentación y la resistencia aerodinámica'),(2026,507,1,'eje longitudinal'),(2027,507,NULL,'eje de los planos'),(2028,507,NULL,'eje lateral'),(2029,507,NULL,'eje de guiñada'),(2030,508,1,'cabeceo'),(2031,508,NULL,'alabeo'),(2032,508,NULL,'guiñada'),(2033,508,NULL,'resbalamiento'),(2034,509,1,'esta causada por la succión del extradós de la superficie aerodinámica'),(2035,509,NULL,'aumenta en proporción al ángulo de ataque hasta 40'),(2036,509,NULL,'esta causada por la sobre presión presente en el intrados de la superficie aerodinámica'),(2037,509,NULL,'es máxima si el ángulo de ataque vale 20º'),(2038,510,1,'al viento relativo del aire'),(2039,510,NULL,'al horizonte'),(2040,510,NULL,'al eje longitudinal'),(2041,510,NULL,'a la cuerda del perfil'),(2042,511,1,'la capa donde la velocidad de la corriente de aire varia desde cero al 99% medido desde el extradós'),(2043,511,NULL,'la capa donde la velocidad de la corriente varia desde el 99% a cero medido desde el extradós.'),(2044,511,NULL,'la ultima capa donde se produce sustentación.'),(2045,511,NULL,'la capa donde la velocidad de la corriente es máxima.'),(2046,512,1,'Aumentar'),(2047,512,NULL,'Siempre es indiferente'),(2048,512,NULL,'Disminuir.'),(2049,512,NULL,'Aumentar o disminuir dependiendo del tipo de flaps.'),(2050,513,1,'Su extensión automática cuando se supera un determinado ángulo de ataque'),(2051,513,NULL,'Asegurar que los slats salen siempre, cuando los sistemas de vuelo/tierra se encuentran en posición tierra.'),(2052,513,NULL,'Ayudar a los alerones durante las maniobras de alabeo.'),(2053,513,NULL,'El selector automático de Slat In tras el despegue.'),(2054,514,1,'La velocidad de la corriente de aire'),(2055,514,NULL,'El peso del cuerpo.'),(2056,514,NULL,'La ubicación del centro de gravedad.'),(2057,514,NULL,'La masa específica del cuerpo.'),(2058,515,1,'P.S.I'),(2059,515,NULL,'Kg/dm2'),(2060,515,NULL,'Kg/m3'),(2061,515,NULL,'Lb/gal'),(2062,516,1,'La dirección de la cuerda y el flujo relativo del aire sin perturbaciones'),(2063,516,NULL,'La superficie inferior y la horizontal.'),(2064,516,NULL,'La superficie inferior y la dirección de la cuerda.'),(2065,516,NULL,'La superficie inferior y el flujo de aire relativo.'),(2066,517,1,'El ángulo de incidencia'),(2067,517,NULL,'El ángulo de trayectoria de ascenso.'),(2068,517,NULL,'El ángulo de ataque.'),(2069,517,NULL,'El ángulo de trayectoria de descenso.'),(2070,518,1,'La resistencia total alcanza su valor mínimo para el mayor valor de la relación sustentación/resistencia'),(2071,518,NULL,'El mayor valor de la relación sustentación/resistencia se alcanza cuando la sustentación es igual al peso del avión.'),(2072,518,NULL,'La relación sustentación/resistencia siempre aumenta al disminuir la sustentación.'),(2073,518,NULL,'Cuando la sustentación es 0 se alcanza el mayor valor de la relación sustentación/resistencia.'),(2074,519,1,'La sustentación será igual al peso'),(2075,519,NULL,'La potencia aplicada proporciona a la aeronave la máxima sustentación.'),(2076,519,NULL,'La resistencia aerodinámica es mínima.'),(2077,519,NULL,'El ángulo de ataque se encuentra en función de la potencia de tracción de la hélice.'),(2078,520,1,'Equivale al peso de la aeronave dividido por él coseno ángulo de inclinación'),(2079,520,NULL,'Equivale a la fuerza centrífuga dividida por el coseno del ángulo de inclinación'),(2080,520,NULL,'Equivale a la fuerza centrífuga multiplicada por el coseno del ángulo de inclinación.'),(2081,520,NULL,'Equivale al peso de la aeronave multiplicado por el coseno del ángulo de inclinación.'),(2082,521,1,'La máxima relación CL/CD y el máximo coeficiente de sustentación'),(2083,521,NULL,'La mínima relación CL/CD y la mínima resistencia aerodinámica.'),(2084,521,NULL,'El coeficiente de mínima resistencia aerodinámica y la máxima sustentación.'),(2085,521,NULL,'La mínima resistencia aerodinámica y la máxima sustentación.'),(2086,522,1,'Vibrador de la palanca de mando y avisador de pérdida'),(2087,522,NULL,'Indicador de ángulo de ataque e indicador de velocidad.'),(2088,522,NULL,'Sensor de ángulo de ataque y avisador de pérdida.'),(2089,522,NULL,'Vibrador de la palanca de mando e indicador de ángulo de ataque.'),(2090,523,1,'El flujo aire viento relativo'),(2091,523,NULL,'La dirección de la cuerda.'),(2092,523,NULL,'El horizontal.'),(2093,523,NULL,'El eje longitudinal.'),(2094,524,1,'El ángulo de ataque inducido y la resistencia aerodinámica inducida disminuyen'),(2095,524,NULL,'Un aumento de la intensidad de los torbellinos del extremo del ala.'),(2096,524,NULL,'Deflexión hacia abajo ocasionada por las alas sobre la superficie de cola aumenta.'),(2097,524,NULL,'Un aumento significativo del empuje requerido.'),(2098,525,1,'Aumenta el ángulo de ataque'),(2099,525,NULL,'Controla la capa límite.'),(2100,525,NULL,'Desplaza el centro de sustentación.'),(2101,525,NULL,'Aumenta la cuerda del perfil aerodinámico.'),(2102,526,1,'F = M · A'),(2103,526,NULL,'A = F · M'),(2104,526,NULL,'M= F · A'),(2105,526,NULL,'F = M/A'),(2106,527,1,'Viento relativo, la sustentación y la resistencia aerodinámica que cambia en función del ángulo de ataque'),(2107,527,NULL,'El viento CL máximo.'),(2108,527,NULL,'Viento y masa.'),(2109,527,NULL,'El viento, peso, carga de potencia que es la relación entre la potencia generada y el peso.'),(2110,528,1,'W x COSENO GAMA'),(2111,528,NULL,'W (I/SENO GAMA)'),(2112,528,NULL,'W/COSENO GAMA'),(2113,528,NULL,'W (I/TANG GAMA)'),(2114,529,1,'Se introduce una superficie aerodinámica en una corriente de aire con cierta velocidad'),(2115,529,NULL,'Cierta masa de aire se acelera en dirección ascendente.'),(2116,529,NULL,'Cierta masa de aire se retarda.'),(2117,529,NULL,'La forma de superficie aerodinámica está ligeramente curvada.'),(2118,530,1,'La densidad del fluido disminuye porque la presión ha disminuido'),(2119,530,NULL,'La densidad del fluido no varia'),(2120,530,NULL,'La densidad del fluido disminuye porque la presión ha aumentado'),(2121,530,NULL,'La densidad del fluido aumentara porque la presión ha aumentado'),(2122,531,1,'Kg/m3 N'),(2123,531,NULL,'Kg/m2 Julios'),(2124,531,NULL,'Lbs Lbs/m'),(2125,531,NULL,'Kg/m, Kg'),(2126,532,1,'Se forma sobre el un punto de remanso'),(2127,532,NULL,'Se produce una disminución de la velocidad'),(2128,532,NULL,'Se produce un aumento de presión'),(2129,532,NULL,'Ninguna es correcta'),(2130,533,1,'es menor que la de máximo planeo'),(2131,533,NULL,'es mayor que la máximo planeo'),(2132,533,NULL,'es igual que la de máximo planeo'),(2133,533,NULL,'es menor que la de máxima autonomía'),(2134,534,1,'Resistencia inducida'),(2135,534,NULL,'Resistencia parásita.'),(2136,534,NULL,'Resistencia total.'),(2137,534,NULL,'Resistencia de coanda.'),(2138,535,NULL,'El encastre alar.'),(2139,535,1,'La punta alar.'),(2140,535,NULL,'El tren de aterrizaje.'),(2141,535,NULL,'El carenado del motor.'),(2142,536,NULL,'Timón de profundidad.'),(2143,536,NULL,'Borde de salida'),(2144,536,NULL,'Intrados.'),(2145,536,1,'Extradós'),(2146,537,NULL,'rho1 mayor que rho2.'),(2147,537,NULL,'rho1 menor que rho2.'),(2148,537,1,'rho1 igual que rho2.'),(2149,537,NULL,'Dependerá del área del tubo.');
/*!40000 ALTER TABLE `answers` ENABLE KEYS */;
UNLOCK TABLES;

--
-- Table structure for table `categories`
--

DROP TABLE IF EXISTS `categories`;
/*!40101 SET @saved_cs_client     = @@character_set_client */;
/*!50503 SET character_set_client = utf8mb4 */;
CREATE TABLE `categories` (
  `id_category` int(2) NOT NULL AUTO_INCREMENT,
  `name_category` varchar(45) CHARACTER SET utf8 NOT NULL,
  `numberquestions_category` int(11) DEFAULT NULL,
  `code_category` varchar(45) CHARACTER SET utf8 NOT NULL,
  `testtime_category` time NOT NULL,
  PRIMARY KEY (`id_category`)
) ENGINE=InnoDB AUTO_INCREMENT=10 DEFAULT CHARSET=utf8 COLLATE=utf8_spanish_ci;
/*!40101 SET character_set_client = @saved_cs_client */;

--
-- Dumping data for table `categories`
--

LOCK TABLES `categories` WRITE;
/*!40000 ALTER TABLE `categories` DISABLE KEYS */;
INSERT INTO `categories` VALUES (1,'Legislación aérea y procedimientosATC',16,'010 y LEG.AER','00:00:25'),(2,'Factores humanos',8,'020ALH','00:00:15'),(3,'Meteorología',8,'030MET','00:00:15'),(4,'Comunicaciones',8,'040COMM','00:00:15'),(5,'Principios de vuelo',16,'050PV','00:00:25'),(6,'Procedimientos operacionales',12,'060PO','00:00:20'),(7,'Performance y planificación de vuelo',16,'070PPV','00:00:35'),(8,'Conocimiento general de la aeronave',24,'080CGA','00:00:40'),(9,'Navegación',12,'090NAV','00:00:25');
/*!40000 ALTER TABLE `categories` ENABLE KEYS */;
UNLOCK TABLES;

--
-- Table structure for table `questionintests`
--

DROP TABLE IF EXISTS `questionintests`;
/*!40101 SET @saved_cs_client     = @@character_set_client */;
/*!50503 SET character_set_client = utf8mb4 */;
CREATE TABLE `questionintests` (
  `id_questionintest` int(11) NOT NULL AUTO_INCREMENT,
  `id_test_questionintest` int(11) NOT NULL,
  `studentanswer_questionintest` tinyint(4) NOT NULL,
  `id_question_questionintest` int(11) NOT NULL,
  PRIMARY KEY (`id_questionintest`),
  KEY `id_test_in_questionintest_idx` (`id_test_questionintest`),
  KEY `id-question_in_questionintest_idx` (`id_question_questionintest`),
  CONSTRAINT `id_question_in_questionintest` FOREIGN KEY (`id_question_questionintest`) REFERENCES `questions` (`id_question`) ON DELETE NO ACTION ON UPDATE NO ACTION,
  CONSTRAINT `id_test_in_questionintest` FOREIGN KEY (`id_test_questionintest`) REFERENCES `test` (`id_test`) ON DELETE NO ACTION ON UPDATE NO ACTION
) ENGINE=InnoDB DEFAULT CHARSET=utf8 COLLATE=utf8_spanish_ci;
/*!40101 SET character_set_client = @saved_cs_client */;

--
-- Dumping data for table `questionintests`
--

LOCK TABLES `questionintests` WRITE;
/*!40000 ALTER TABLE `questionintests` DISABLE KEYS */;
/*!40000 ALTER TABLE `questionintests` ENABLE KEYS */;
UNLOCK TABLES;

--
-- Table structure for table `questions`
--

DROP TABLE IF EXISTS `questions`;
/*!40101 SET @saved_cs_client     = @@character_set_client */;
/*!50503 SET character_set_client = utf8mb4 */;
CREATE TABLE `questions` (
  `id_question` int(11) NOT NULL AUTO_INCREMENT,
  `id_category_question` int(2) NOT NULL,
  `string_question` varchar(1000) CHARACTER SET utf8 NOT NULL,
  PRIMARY KEY (`id_question`),
  KEY `category_in_question_idx` (`id_category_question`),
  CONSTRAINT `category_in_question` FOREIGN KEY (`id_category_question`) REFERENCES `categories` (`id_category`) ON DELETE NO ACTION ON UPDATE NO ACTION
) ENGINE=InnoDB AUTO_INCREMENT=538 DEFAULT CHARSET=utf8 COLLATE=utf8_spanish_ci;
/*!40101 SET character_set_client = @saved_cs_client */;

--
-- Dumping data for table `questions`
--

LOCK TABLES `questions` WRITE;
/*!40000 ALTER TABLE `questions` DISABLE KEYS */;
INSERT INTO `questions` VALUES (1,1,'Cuál es la validez del reconocimiento médico de clase II?'),(2,1,'Cuándo el avión disponga de un transpondedor en servicio el piloto deberá activarlo:'),(3,1,'Cuando un avión disponga del modo “C” el piloto:'),(4,1,'La expresión vuelva a navegación propia quiere decir:'),(5,1,'Una zona de control se extenderá lateralmente como mínimo:'),(6,1,'Para indicar al piloto que active los frenos el señalero:'),(7,1,'Todo aviso conteniendo información relativa a Seguridad en Vuelo, Navegación Aérea o a cualquier asunto de naturaleza técnica administrativa o legal que tenga por origen el AIS se denomina:'),(8,1,'¿Qué deberá hacer el piloto de un avión para alertar de sus problemas de comunicación  por radio si se ve obligado a aterrizar sin requerir ayuda inmediata?'),(9,1,'El plan de vuelo para un vuelo controlado deberá presentarse al menos:'),(10,1,'¿Qué letra de código deberá utilizarse para una calle de rodadura para aviones de un ancho de vía de 15 m?'),(11,1,'La categoría de un aeródromo referida a su capacidad  para el rescate y su lucha contra incendios se basa:'),(12,1,'Se considera Área de control CTA a:'),(13,1,'Las VMC mínimas para un espacio aéreo clasificado como “B” por encima de 10.000 pies:'),(14,1,'En qué sección del AIP se contiene información relativa  a áreas y/o rutas para los que se facilitan servicios meteorológicos:'),(15,1,'Las luces del extremo de la pista han de ser:'),(16,1,'Salvo que se obtenga autorización por un centro ATC, un vuelo VFR no podrá acceder (ni abandonar) una zona de control con un techo inferior a:'),(17,1,'Las unidades responsables de fomentar una organización eficaz de los servicios de búsqueda y salvamento son:'),(18,1,'La distancia vertical entre un nivel, punto u objeto considerado como punto y una referencia especificada, corresponde a la:'),(19,1,'El término genérico que significa indistintamente altura, altitud o nivel de vuelo, recibe el nombre de:'),(20,1,'El área de movimiento de un aeródromo comprende:'),(21,1,'En la maniobra de estacionamiento el señalero cruza repetidamente los brazos por encima de la cabeza, el piloto debe actuar ante esta señal:'),(22,1,'Para realizar un vuelo VFR a nivel de crucero 65 en un espacio aéreo de clase F, las mínimas VMC de visibilidad y distancias de las nubes son:'),(23,1,'El techo de nubes corresponde a:'),(24,1,'El control de aeródromo se encuentra generalmente asegurado con la ayuda de la radio'),(25,1,'Una cruz blanca situada sobre la pista significa:'),(26,1,'Una serie de destellos blancos dirigida desde el control de aeródromo a una aeronave en tierra significa:'),(27,1,'A la altitud de transición se pasa:'),(28,1,'La CTR es un volumen:'),(29,1,'En un aeródromo situado en un espacio aéreo de clase “E” la visibilidad es de 1,5 Km Una aeronave que desee penetrar en VFR en ese espacio aéreo:'),(30,1,'Referente a la prevención de colisiones, indique cual de las siguientes frases es cierta:'),(31,1,'El tránsito aéreo lo constituyen todas las aeronaves:'),(32,1,'Según indica la JAR-FCL 1110, el titular de una licencia PPL(A) no actuará como piloto al mando de un avión transportando pasajeros a no ser que:'),(33,1,'El tiempo de vuelo comprende:'),(34,1,'El tiempo que utilizan los servicios ATS, expresado en horas y minutos del día de 24 horas que comienza a media noche corresponde al:'),(35,1,'En el caso de que exista peligro de colisión entre dos aeronaves en rodaje en el área de maniobras de un aeródromo:'),(36,1,'Si una aeronave desea avisar que tiene dificultades que la obligan a aterrizar, pero no necesita asistencia inmediata:'),(37,1,'La tabla de niveles de crucero se utiliza en función de:'),(38,1,'En un aeródromo sin TWR la aeronave “A” realiza toma y despegueDetrás, otra aeronave “B” de superiores características tiene intención de realizar idéntica maniobra, pero realiza motor y al aire'),(39,1,'Volando con rumbo 350º el nivel de vuelo más bajo utilizable en un vuelo VFR, corresponde al:'),(40,1,'Los vuelos VFR observarán las disposiciones referentes al servicio de control  de tránsito aéreo especificados en las reglas generales:'),(41,1,'Los espacios aéreos de dimensiones definidas, dentro de las cuales se facilitan los servicios de información de vuelo y alerta son:'),(42,1,'Justo antes de llegar a plataforma , al rodar inadvertidamente sobre la hierba la rueda se mete en un hoyo ocasionando serios desperfectos al avión y obligando a la tripulación a demorar la salida:'),(43,1,'En el sistema “VASIS”, cuántos focos luminosos hay en cada barra lateral?'),(44,1,'Una zona de control se extenderá lateralmente al menos:'),(45,1,'Se entiende por Centro de Servicios de Tráfico Aéreo:'),(46,1,'El servicio de alerta se prestará:'),(47,1,'La edad mínima para obtener una PPL es:'),(48,1,'Una bengala roja lanzada hacia un avión en vuelo significa:'),(49,1,'Si una autorización ATC no es adecuada para el piloto al mando, éste deberá:'),(50,1,'El piloto debe formalizar un plan de vuelo antes de cada vuelo:'),(51,1,'En la casilla de reglas de vuelo de un plan de vuelo si vamos a hacer un vuelo IFR escribiremos la letra:'),(52,1,'Para un vuelo no controlado el plan de vuelo deberá enmendarse si ha pasado un cierto tiempo respecto a la hora de salida'),(53,1,'Cualquier cambio importante respecto del plan de vuelo VFR  presentado se notificará lo antes posible a la dependencia correspondiente de tránsito aéreo'),(54,1,'Debemos notificar a los servicios de tránsito aéreo la nueva hora de llegada, si la estimada de paso por el siguiente punto de notificación o de llegada al aeródromo de destino varía en +/-:'),(55,1,'Si volando dentro de una zona de control las condiciones meteorológicas empeoran quedando por debajo de las VMC, ¿Qué medida tomaría?'),(56,1,'Un suceso en el que la aeronave sufre daños o roturas estructurales que afectan adversamente a su resistencia estructural, su 7 o sus características de vuelo se denomina:'),(57,1,'Una desviación de la TAS de un 5% o más, con respecto a la consignada en el plan de vuelo deberá ser notificada'),(58,1,'Las luces del umbral de la pista han de ser:'),(59,1,'Si queremos buscar información sobre zonas prohibidas ¿En qué sección del AIP buscaremos?'),(60,1,'¿Qué avión tiene prioridad para aterrizar?'),(61,1,'Volando en un FIR, ¿Qué servicios podemos esperar?'),(62,1,'Qué significado tiene la fase de alerta:'),(63,1,'Cuando control da una instrucción a una aeronave y ésta no puede cumplirla o la situación no aconseja que lo haga, la aeronave deberá:'),(64,1,'Principales funciones de la OACI:'),(65,1,'En una pista de 2000 metros sin delimitación de distancia  del punto de espera, el avión esperará a:'),(66,1,'¿De qué color es la baliza de identificación aeroportuaria?'),(67,1,'Una luz intermitente roja emitida  desde la torre de control durante la aproximación al aterrizaje, significará que:'),(68,1,'¿Desde cuándo cuenta la validez del certificado médico?'),(69,1,'¿Dónde y cuando se ratificaron los convenios de la OACI?'),(70,1,'¿Cuál es la altitud mínima autorizada en áreas de control sobre terreno?'),(71,1,'Un estado en el AIS debe informar:'),(72,1,'De que color son las luces de alta intensidad de un obstáculo fijo:'),(73,1,'¿Cada cuanto se renueva el mensaje ATIS?'),(74,1,'En caso que una aeronave declare emergencia, el responsable de suministrar servicio de alerta será'),(75,1,'Los principales objetivos de la OACI son:'),(76,1,'La máxima autoridad en un avión en vuelo será :'),(77,1,'Tráfico esencial  es aquel vuelo controlado al que se puede aplicar separación prevista por el ATC que en relación a un vuelo controlado concreto no es'),(78,1,'Las fases relativas a una supuesta emergencia son:'),(79,1,'Todo aviso conteniendo información sobre el reglamento del aire, sobre tráfico aéreo y los procedimientos de navegación aérea, que se distribuyen anticipadamente a su fecha de entrada en vigor se denomina:'),(80,1,'Las luces de una calle de rodaje serán:'),(81,1,'En referencia a las reglas de vuelo si un vuelo primero sigue las reglas de vuelo instrumentales y después las reglas e vuelo visuales se insertara en la casilla reglas de vuelo'),(82,1,'Se define fase de alerta como'),(83,1,'La expresión contacto radar hace referencia a'),(84,1,'Se define ASDA, distancia aceleración –parada disponible, como:'),(85,1,'Se define SWY, zona de parada, como:'),(86,1,'Un avión que va volando sobre el mar a una altura de 4500 ft sobre un espacio aéreo clase “F”, que condiciones de VMC se le exige:'),(87,1,'Si una  aeronave “A” con autorización ATC va volando dentro de los limites de un área de control y otra aeronave “B” sin autorización, se acerca a la primera en convergencia, ¿ que aeronave tiene prioridad de paso ?'),(88,1,'Cuando llevaremos el modo C del transpondedor encendido'),(89,1,'Si un avión no posee transpondedor SSR, para identificarlo el controlador ATC puede solicitar que realice la siguiente maniobra:'),(90,1,'En caso de fallo de radio que código se deberá poner en el transpondedor:'),(91,1,'En caso de fallo de 4 de doble vía, que código se pondrá en el respondedor SSR:'),(92,1,'Como debe responder una aeronave cuando ATC le de un determinado “ modo / código “ en su respondedor SSR:'),(93,1,'El plan de vuelo para un vuelo VFR controlado debe enmendarse si ha pasado un determinado tiempo, ¿cuanto?'),(94,1,'Una desviación de la TAS, con respecto a la consignada en el plan de vuelo deberá ser notificada si es:'),(95,1,'Los objetivos de los servicios de transito aéreo son :'),(96,1,'Cuando un controlador ATC identifica positivamente a una aeronave en el radar:'),(97,1,'El informe de posición de una aeronave debe contener en el siguiente orden:'),(98,1,'¿Que centros prestan servicios de transito aéreo?'),(99,3,'El viento en las capas bajas de la atmósfera debido al rozamiento'),(100,3,'Si en un mapa isobárico observamos que éstas están muy juntas podemos esperar'),(101,3,'La brisa de mar'),(102,3,'En la brisa de montaña'),(103,3,'La presencia de altocúmulos lenticulares indica'),(104,3,'Que es necesario para que se forme la niebla de radiación'),(105,3,'Que nubes son mas probables que se formen a baja cota'),(106,3,'Cual es la temperatura mas propicia para que se forme hielo claro en el avión'),(107,3,'Si en un informe meteorológico vemos la palabra BKN quiere decir'),(108,3,'Que significa la palabra NOSIG'),(109,3,'Como se da el viento en aviación'),(110,3,'En el siguiente TAF'),(111,3,'El sondeo  dice que la isoterma de 0º esta FL 080, calcular la temperatura estimada a FL 140'),(112,3,'Definición de viento FOENH es:'),(113,3,'A partir de que visibilidad se empieza a informar de RVR'),(114,3,'A que tipo de nubes suele venir asociada la lluvia'),(115,3,'Se define punto de rocío como:'),(116,3,'Que tipo de nubes indican estabilidad en la atmósfera'),(117,3,'Donde esta mas alta la troposfera'),(118,3,'En el hemisferio sur, como giran los vientos en los anticiclones'),(119,3,'¿Cuáles son las características de los vientos de superficie en áreas en las que los mapas meteorológicos muestran isobaras muy juntas entre sí ?'),(120,3,'En una circulación de brisa terrestre y marina, la brisa terrestre sopla:'),(121,3,'¿Cuál es el periodo de validez de un TREND?'),(122,3,'¿Qué pasa con el QNH y QNE cuando entra en un frente cálido?'),(123,3,'Al elaborar un plan de vuelo a nivel FL60¿Cuál de las siguientes cartas de viento y temperatura superiores serán las más próximas a su nivel de vuelo?'),(124,3,'¿Cuál es la forma más efectiva de la disipación de nubes?'),(125,3,'Se define subsidencia como Subsidencia:'),(126,3,'LFBD 1524 26015KT 9999 SHRA BKN020 TEMPO 1620 26020G30KT\n8000 +SHRA BKN015CB PROB30 TSRA=\nEn vuelo de Lisboa a Burdeos con ETA a las 18:00 UTC'),(127,3,'Nada más amanecer, condiciones necesarias de viento para la formación de nieblas:'),(128,3,'Para calcular el QNH a partir del QFE se necesitan'),(129,3,'¿Cuáles son las condiciones para que se produzcan precipitaciones de aguanieve?'),(130,3,'¿Antes del paso de un frente cálido?'),(131,3,'¿Qué tipo de nubes muestran condiciones inestables?'),(132,3,'¿Qué característica se asocia a la inversión de temperaturas?'),(133,3,'¿Qué formación nubosa es más probable que se desarrolle a baja cota cuando una masa de aire cálido se superpone a una masa de aire frío?'),(134,3,'¿Cómo se encuentran descritas las nubes de tipo “CB separados” en la carta sobre condiciones meteorológicas significativas?:'),(135,3,'LECU 050700Z 34005 2500 RVR281500P RVR10 1500U VV 002 BCFG SCT003 BKN005 TEMPO 0708 30015 5000'),(136,3,'¿Qué es necesario para la formación de onda de montaña?'),(137,3,'En una clave cifrada  ¿Qué significan las siglas SCT?'),(138,3,'De las siguientes, ¿Cuáles son las nubes más bajas?'),(139,3,'De las siguientes nubes, ¿Cuáles son de inestabilidad?'),(140,3,'Con una temperatura de 14ºC y un punto de rocío de 12ºC, ¿Qué es necesario para que se forme niebla?'),(141,3,'Las isobaras son líneas que unen puntos de igual presión en un momento dado y'),(142,3,'En el hemisferio sur, ¿Cómo giran los vientos en los anticiclones?'),(143,3,'En el hemisferio norte, ¿Cómo giran los vientos en las borrascas?'),(144,3,'¿Por qué el aire no se desplaza de las altas presiones a las bajas presiones directamente?'),(145,3,'De la relación que existe entre los gráficos de isobaras y la dirección del viento y fuerza del viento, podemos deducir que:'),(146,3,'¿Dónde podemos encontrar la nube rotor en una onda de montaña?'),(147,3,'La información de viento:'),(148,3,'Si una masa de aire seco sube adiabática mente sin llegar a la saturación, esta se enfriará:'),(149,3,'¿Qué medirá el altímetro de un avión situado en un aeropuerto situado a 540ft con un QNH de 993mb si el altímetro está calado a 1013hp?'),(150,3,'Consulte el TAF del aeropuerto de Amsterdam'),(151,3,'¿Cuál de los siguientes tipos de nubes es más probable que origine fuertes precipitaciones?'),(152,3,'En el calculo del QNH de un aeropuerto, la elevación del mismo se considera como atmósfera'),(153,3,'A medida que vamos volando vemos nubes estratiformes cada vez mas altas, podemos afirmar que:'),(154,3,'El viento geostrófico respecto al de gradiente en un anticiclón es:'),(155,3,'Si tenemos en el aeropuerto un QNH de 1008Hpa y la elevación del mismo es de 1240 fts¿Qué marcará el altímetro calado con 1013Hpa?'),(156,3,'Un METAR de Paris nos dice que tenemos un viento de 300/15Kt¿Que viento podemos tener previsiblemente en altura?'),(157,3,'El espesor de la troposfera varia con:'),(158,3,'¿Cómo se encuentran las masas de aire distribuidas en una oclusión cálida?'),(159,3,'La base de nubes en los METAR y TAFs se da con referencia al:'),(160,3,'¿Qué tipo de altitud se mantiene en el FL300?'),(161,3,'La formación de las nubes de frente frío se produce:'),(162,3,'La fuerza de Coriolis es mínima en:'),(163,3,'Si volando nos encontramos nimbostratus, altocumulos y cirrus, por este orden, podemos esperar:'),(164,3,'Si volando nos encontramos una muralla de Cb junto un descenso de temperatura:'),(165,3,'Los problemas mas importantes que plantea el vuelo a través de  un frente frió son:'),(166,3,'La altitud de densidad coincidirá con el nivel de vuelo siempre que:'),(167,3,'Un avión vuela a FL115 entre dos punto cuyos QNH son inicialmente 1030Hpa y posteriormente 1015Hpa'),(168,3,'A la línea de intersección de una superficie frontal con la superficie de la tierra se le llama:'),(169,3,'Para que se produzca niebla de radiación es necesario:'),(170,3,'Si en un METAR nos encontramos TSRA, significa:'),(171,3,'Si en un informe meteorológico con encontramos las siglas FC, significa:'),(172,3,'En un METAR encontramos la clave DZ, nos encontraremos:'),(173,7,'En los cálculos de masa y equilibrado, ¿Cual describe mejor el datum?'),(174,7,'Con un centro de gravedad en el limite mas adelantado que circunstancia podríamos esperar'),(175,7,'Suponiendo:\nPeso total: 2900 KgEstación de la posición del centro de gravedad (cg): 1150\nEstación limite trasera del cg: 1160\nEl peso máximo que se puede añadir a la estación 130'),(176,7,'La posición del centro de gravedad de un avión, normalmente se calcula a lo largo del'),(177,7,'La posición del centro de gravedad de un avión  esta a 7 metros de la línea que pasa por el datum, y su peso es de 49000 NEl momento correspondiente al datum será'),(178,7,'Si el peso del avión es superior al inicialmente previsto, para una velocidad aerodinámica dada, el ángulo de ataque'),(179,7,'La velocidad de entrada en perdida de un avión será máxima cuando se cargue con:'),(180,7,'Cuando el centro de gravedad se encuentra en su posición delantera limite el avión se tomara'),(181,7,'La máxima velocidad relativa indicada de un avión con motor alternativo en vuelo nivelado se alcanza'),(182,7,'Se define pendiente de ascenso como la relación entre'),(183,7,'Cual es el aspecto más importante de la zona trasera de las curvas de potencia'),(184,7,'Un viento de frente constante'),(185,7,'En ascenso no acelerado'),(186,7,'Que efecto tiene el viento en cola sobre la velocidad de máxima autonomía'),(187,7,'Un viento de frente'),(188,7,'Una componente de viento de frente que aumenta con la altitud, en comparación con una  condición de viento cero, suponiendo IAS constante'),(189,7,'Una componente constante de viento de frente'),(190,7,'Una mayor temperatura del aire exterior'),(191,7,'La altitud de densidad es'),(192,7,'Con los siguientes datos, hallar el centro de gravedad:\n\nBEW: 985 lbs        746\nPiloto/copiloto: 2   724\nEquipaje: 242 lbs   799\nAceite: 8 lbs        -52\nCombustible: 45 US Gal'),(193,7,'Definimos la velocidad de mejor ángulo de ascenso como:'),(194,7,'En la carrera de despegue que resulta más decisivo'),(195,7,'De los siguientes factores cual será mas determinante para la carrera de despegue'),(196,7,'Al considerar los efectos de un aumento en el peso de un avión ¿Cuál de los siguientes enunciados es cierto?'),(197,7,'El avión cuando esta bajo el efecto suelo'),(198,7,'De las siguientes cual afirmación no es verdadera'),(199,7,'En el momento que el avión despega'),(200,7,'La condición más peligrosa para el vuelo será'),(201,7,'Durante un viraje la sustentación:'),(202,7,'El desplazamiento del peso causado al sacar el tren de aterrizaje'),(203,7,'Referente a los conceptos relacionados con el peso y centrado, indique cuál de las siguientes frases NO es cierta:'),(204,7,'Se dice que un avión es neutralmente estable.Por ello es probable:'),(205,7,'El centro de gravedad de un cuerpo es el punto'),(206,7,'La masa de un avión es de 1950 Kg.Si se añaden 450 Kg en la bodega a 175 metros del centro de gravedad (cg) el centro de gravedad cargado (cg) se desplazara'),(207,7,'Si el tren de morro se desplaza hacia atrás durante la retracción, ¿Cómo afectará este movimiento a la posición del centro de gravedad (cg) del avión?'),(208,7,'Las cargas deben afianzarse debidamente en aras a:'),(209,7,'Hallar la posición del centro de gravedad en % de la MAC si la distancia desde el Datum a la LEMAC es de 13 metros, la distancia al TEMAC es de 19 metros y la distancia desde el datum al centro de gravedad es de 15 metros'),(210,7,'Hallar la posición del centro de gravedad si la MAC mide 8 metros y desde el datum al centro de gravedad hay una distancia de 8 metros y sabiendo que desde el datum a TEMAC hay 12 metros'),(211,7,'Si tenemos el centro de gravedad situado a 101,2 pulgadas y el limite trasero es de 104, pulgadas, cuanto peso podremos cambiar de la estación 1125 a la estación 123,45 TOW=3140 lbs'),(212,7,'Hallar cuanto varia la posición del centro de gravedad si añadimos 400 lbs el la estación 97,8 TOW = 2850 CG=101,67'),(213,7,'Se despega siempre contra el viento por que:'),(214,7,'Señalar lo incorrecto durante un despegue'),(215,7,'Cual de las siguientes configuraciones es mas ventajosa a la hora de realizar un máximo planeo:'),(216,7,'Calcular el centro de gravedad de un avión con respecto al datum sabiendo que el peso del avión sobre la rueda de morro es de 8400 Lbs y sobre cada una de las patas del tren principal 20400 Lbs y sobre cada una de las patas del tren principal 20000 Lbs respectivamenteLa distancia al datum del tren de morro es de 94”  y la que existe hasta el tren principal es de 471”600 y 21'),(217,7,'Si el centro de gravedad esta en el 25% de la MAC del avión, el centro de gravedad esta a 25% de:'),(218,7,'Si un día tenemos en el aeropuerto de salida una PA baja, ¿cuál será la correcta?'),(219,7,'En un descenso con viento en cara:'),(220,2,'¿Cuál de las siguientes características no se cumple en la Troposfera?'),(221,2,'La composición química de la atmósfera terrestre es:'),(222,2,'La fisiología de la enfermedad descompresiva se rige según una de las siguientes leyes de los gases:'),(223,2,'El enunciado “la presión total de una mezcla de gases es igual a la suma de las presiones parciales de los gases que componen la mezcla”, corresponde a:'),(224,2,'El proceso de transporte de oxigeno se realiza mediante:'),(225,2,'La hipoxia que aparece en la altitud es consecuencia de:'),(226,2,'Por encima de que altitud entraremos en la llamada “fase critica”, al hablar de la hipoxia:'),(227,2,'¿Cuál puede ser la causa de la Hiperventilación?'),(228,2,'Cuando la capacidad de la sangre esta disminuida para el transporte de oxigeno debido a la falta de hemoglobina, se produce hipoxia:'),(229,2,'Los canales semicirculares forman parte de:'),(230,2,'Los órganos otolíticos forma parte de:'),(231,2,'Una rotura timpánica da como resultado:'),(232,2,'Cuando la imagen óptica se forma delante de la retina hablamos de:'),(233,2,'Las ilusiones somatográvicas se pueden producir cuando nos sometemos a:'),(234,2,'La orientación espacial se consigue gracias a:'),(235,2,'Los canales semicirculares y los órganos otolíticos detectan respectivamente:'),(236,2,'La primera fase del estrés se conoce como:'),(237,2,'¿Qué  sensación experimenta un piloto al virar para salir de un giro nivelado coordinado?'),(238,2,'La hipoxia esta provocada por:'),(239,2,'¿Qué parte del oído interno es responsable de la percepción del ruido?'),(240,2,'La función principal de los glóbulos rojos es:'),(241,2,'¿Qué parte del oído podría verse afectada por los cambios en la presión del aire que se producen durante el ascenso / descenso?'),(242,2,'la trompa de Eustaquio es el conducto de paso existente entre:'),(243,2,'un piloto esta acostumbrado a aterrizar solamente en pistas anchas. Al efectuar aproximaciones a pistas mas cortas y/o estrechas, el piloto podrá tener la sensación de que se encuentra:'),(244,2,'Utilizar una lista de comprobación antes de la salida es contribuir a:'),(245,2,'En relación a la toma de decisiones, ¿cuál de las siguientes afirmaciones es correcta?'),(246,2,'La utilización de las listas de comprobación debe efectuarse de manera tal que:'),(247,2,'En relación al efecto de los medicamentos sobre el rendimiento de los pilotos:'),(248,2,'El consumo de alcohol en pequeñas cantidades:'),(249,2,'¿Cuál de los siguientes pueden considerarse síntomas de Hipoxia?'),(250,2,'Para evitar el vértigo en vuelo, deberíamos:'),(251,2,'La memoria de trabajo nos permite por ejemplo:'),(252,2,'¿Cuáles son los síntomas fácilmente observables a simple vista de un cuadro de estrés?'),(253,2,'Al espirar, el aire expulsado contiene:'),(254,2,'El porcentaje en volumen de oxigeno presente en la atmósfera es de un 21%, que a su vez:'),(255,6,'Se define noche como:'),(256,6,'Cuando una aeronave escuche un mensaje de peligro de otra aeronave deberá:'),(257,6,'Cuando una aeronave vea a otra que está en una situación de peligro el piloto al mando deberá:'),(258,6,'Respecto a los cinturones de la tripulación de vuelo indicar cuál de las siguientes respuestas es correcta:'),(259,6,'Cuál de siguiente equipo es obligatorio en un vuelo VFR:'),(260,6,'Cuál es el equipo necesario para un vuelo nocturno:'),(261,6,'El radio radiotransmisor de activación automática que da la posición del avión en caso de impacto es:'),(262,6,'Todas las aeronaves ostentarán luces de navegación situadas en los planos que serán:'),(263,6,'Cuál de las siguientes fases se considera de emergencia:'),(264,6,'Se considera accidente cuando:'),(265,6,'De los siguientes instrumentos cuál NO es necesario para un vuelo VFR:'),(266,6,'Una aeronave en vuelo ve una “V” en el suelo. ¿Qué significado tiene?'),(267,6,'El piloto al mando será responsable de comprobar antes de despegar que:'),(268,6,'¿Cuáles son las reservas de combustible y aceite mínimas que se especifican en el anexo 6 parte II?:'),(269,6,'Según el Anexo 6 parte II el piloto al mando será responsable de:'),(270,6,'La operación de aeronave distinta de la de transporte aéreo comercial o de los trabajos aéreos es:'),(271,6,'Todos los miembros de la tripulación mantendrán abrochados sus cinturones de seguridad  mientras estén en sus puestos:'),(272,6,'Todos los aviones en todos los vuelos irán equipados con:'),(273,6,'Todos los aviones que realicen vuelos VFR llevarán:'),(274,6,'Todos los aviones que operen de noche deberán llevar:'),(275,6,'En cuanto a las luces de navegación que deben ostentarse en el aire, son:'),(276,6,'Cuando el piloto al mando de una aeronave observe que otra aeronave se halla en situación de peligro:'),(277,6,'Cuando un piloto al mando de una aeronave capte un mensaje de socorro deberá:'),(278,6,'Una aeronave en emergencia usara el transpondedor con la clave:'),(279,6,'La frecuencia de emergencia en la banda VHF es:'),(280,6,'Una aeronave que este a punto de despegar cederá el paso a'),(281,6,'En un aeródromo no controlado el piloto al mando'),(282,6,'Cual de los siguientes es el Anexo de OACI que trata sobre la Operación de Aeronaves'),(283,6,'En un aeropuerto con servicio de rodadura, en que momento seremos transferidos a la torre de control:'),(284,6,'En cuanto a las zonas de tratamiento especial'),(285,6,'Si se produce un fuego en cabina, los tipos de extintores que podríamos usar son de:'),(286,6,'El ángulo de cobertura de las luces blancas obligatorias de posición, que brillan continuamente en vuelo y que se encuentran en la parte trasera de avión, es:'),(287,6,'¿Cual de los siguientes juegos de condiciones es el que tiene mas probabilidades de atraer aves hacia un aeropuerto?'),(288,6,'De acuerdo con el documento 4444 de OACI, se aplicara una mínima separación, no radar, por estela turbulenta, de 3 minutos'),(289,6,'La turbulencia de estela es mayor cuando el avión:'),(290,6,'¿Qué factores son determinantes para la generación de vértices de estela?'),(291,6,'Los vértices generadores de turbulencia son masas de aire que tienden a derivar'),(292,6,'Cuando se despega inmediatamente después de una aeronave de fuselaje ancho, que acaba de aterrizar, se deberá despegar:'),(293,6,'A temperatura ambiente elevada (¬¬¬¬¬¬¬+30ºC) y con humedad relativa baja como del 40%, el cielo despejado, sin niebla ni precipitaciones, la formación severa de hielo en el carburador:'),(294,6,'Con una componente de cara lateral derecha de 5kts tras un avión en despegue:'),(295,6,'La luz verde de navegación obligatoria se encuentra en la punta del plano de estribor, con un ángulo de cobertura de:'),(296,6,'A la hora de determinar las condiciones mínimas operativas de un aeropuerto deberá tenerse en consideración:'),(297,6,'El riesgo de turbulencias de estela es máximo:'),(298,8,'Si aplicamos la calefacción al carburador, la mezcla'),(299,8,'El conjunto de eje del cigüeñal consiste en'),(300,8,'Para ajustar la relación de mezcla de un motor alternativo al aumentar la altitud deberemos'),(301,8,'Que condiciones pueden causar detonación'),(302,8,'Al aumentar la altitud sin ajustar la relación de mezcla las prestaciones del motor de embolo se ven disminuidas por:'),(303,8,'En caso de fallo de motor en vuelo con un avión de hélice de revoluciones constantes, el ángulo de paso de la hélice adoptará:'),(304,8,'El ángulo de paso de una hélice de velocidad constante'),(305,8,'La principal ventaja de una hélice de paso variable frente a la de uno fijo'),(306,8,'Cuando actuamos sobre la palanca de mezcla el piloto'),(307,8,'Si la fuente estática se bloquea durante el descenso, el altímetro'),(308,8,'En vuelo la bola y el bastón se encuentran a la izquierda'),(309,8,'Al volar de un sector de aire más cálido a otro mas frió'),(310,8,'La presión recogida delante el tubo pitot es'),(311,8,'El sector amarillo de un indicador de temperatura indica'),(312,8,'Color de la gasolina AVGAS 100LL:'),(313,8,'A nivel del suelo, ¿A qué equivale un hectopascal?'),(314,8,'Diferencia entre neumáticos de coche y de aviación:'),(315,8,'¿Qué marca el indicador de presión de colector o manifold a motor parado en tierra?'),(316,8,'En referencia a los magnetos son:'),(317,8,'Si un avión derrapa, ¿Qué tenemos que hacer para corregir el derrape?'),(318,8,'¿Qué determina el arco blanco en el anemómetro?'),(319,8,'Al aplicar calor al carburador:'),(320,8,'Para ajustar la relación de la mezcla en un motor alternativo al aumentar la altitud, habrá que:'),(321,8,'Las condiciones que pueden causar detonación son:'),(322,8,'Al aumentar la altitud sin ajustar la relación de la mezcla las prestaciones del motor del émbolo se ven afectadas por:'),(323,8,'En caso de fallo de motor en vuelo, las palas de una hélice de velocidad constante que impulsan a un monomotor que carezca de sistema de abanderamiento:'),(324,8,'El ángulo de paso de una hélice de velocidad constante:'),(325,8,'La ventaja principal de una hélice de velocidad constante en comparación con una hélice de paso fijo radica en:'),(326,8,'Cuando el piloto de un avión con motor alternativo mueve la palanca de mezcla a una posición de mezcla pobre:'),(327,8,'En vuelo, la aguja y la bola de un indicador de aguja y bola se encuentran a la izquierda, el avión está:'),(328,8,'Cuando volamos por niveles de vuelo, ¿Cómo calamos el altímetro?'),(329,8,'Si a una batería de plomo de 12 voltios se le estropea una de las 12 células:'),(330,8,'En el hemisferio Sur durante la deceleración posterior a un aterrizaje en dirección Este la brújula:'),(331,8,'Girando a la derecha en tierra, ¿Qué posición tienen la aguja y la bola?'),(332,8,'Las baterías se clasifican según:'),(333,8,'En los carburadores modernos las variaciones en la relación de mezcla se obtienen ajustando:'),(334,8,'El octanaje del combustible en la compresión en un motor alternativo mantiene una de las siguientes relaciones:'),(335,8,'La viscosidad del aceite depende de:'),(336,8,'Si una fuente estática de un altímetro se bloquea durante un ascenso:'),(337,8,'Cuando se mueve la palanca de mezcla a una posición de mezcla pobre:'),(338,8,'La estela de una hélice será mas acusada cuando'),(339,8,'En relación a la cilindrada del motor'),(340,8,'La relación combustible/aire que penetra en un motor es una relación de'),(341,8,'En un avión de hélice de paso fijo, al aumentar la velocidad del mismo'),(342,8,'Si durante un ascenso la toma estática se bloquea, el anemómetro'),(343,8,'En un avión con indicador de EGT nos será útil para'),(344,8,'El indicador de velocidad verdadera del avión ASI'),(345,8,'Que afecta al funcionamiento de los giróscopos:'),(346,8,'En el momento del despegue como se encuentran las palancas de paso y gases'),(347,8,'Para variar la potencia en un avión de hélice de velocidad constante actuaremos:'),(348,8,'En un motor de explosión, la chispa que produce la ignición se producirá antes o después de punto muerto superior'),(349,8,'Como se llama el error del altímetro producido en la toma de presión estática por su posición cerca de la fuente'),(350,8,'Como se llaman las velocidades que limitan el arco amarillo de un anemómetro'),(351,8,'La formula correcta para calcular el desplazamiento de un motor multicilíndrico es:'),(352,8,'Para cambiar de potencia en motores alternativos dotados de hélices de velocidad constante, y así evitar  la sobrecarga del motor, actuaremos:'),(353,8,'¿Que velocidad es la que marca el límite inferior del arco blanco de un ASI?'),(354,8,'La combinación correcta de paso de hélice (1), y posición de palanca de hélice (2), en el momento de soltar   frenos para el despegue es:'),(355,4,'¿Que significa AFIS?'),(356,4,'Cual de los siguientes canales puede usarse para transmitir un ATIS'),(357,4,'Que significa “GO AHEAD”'),(358,4,'Si debemos contestar “SI” usaremos'),(359,4,'Una estación aeronáutica nos informa sobre la visibilidad de un aeropuerto¿Que unidades de medida empleará?'),(360,4,'Si una estación aeronáutica nos pide que colacionemos un mensaje quiere decir'),(361,4,'Un FIR es:'),(362,4,'¿Qué significa QDM?'),(363,4,'¿Cuál es el código Q para “marcación verdadera desde la emisora?'),(364,4,'¿Cuál es la forma correcta de transmitir y verificar la transmisión de 120375 MHz (canal VHF separado por 25 Khz)?'),(365,4,'Un mensaje será más efectivo y más fácil de comprender si:'),(366,4,'¿Qué significa tener una buena técnica al micrófono?'),(367,4,'¿Cuál es el indicativo en radiotelefonía para la estación que presta servicios de control de movimientos en superficie de las aeronaves en la zona de maniobras?'),(368,4,'Al avión se le ordena mantener su posición antes de entrar a pista en servicio¿Qué frase es correcta?'),(369,4,'¿Cómo transmitimos 1001 como QNH?'),(370,4,'La expresión “dispersas” en meteorología hace referencia a:'),(371,4,'Indíquese qué código se debe seleccionar en el transponder para indicar un fallo en las 4'),(372,4,'¿Cómo debe hacerse una transmisión ciega (Blind Transmision)?'),(373,4,'¿Cuál es la máxima distancia de VHF sobre  terreno llano a FL 050?:'),(374,4,'Una aeronave en emergencia responderá en:'),(375,4,'¿Cómo debe informar un piloto a torre que se encuentra “Listo para el despegue”?'),(376,4,'¿Qué significa la frase Recibido (Roger)?'),(377,4,'La autorización “Autorizado para su despegue inmediato en pista 03” es:'),(378,4,'¿Qué significa “inteligibilidad 3”?'),(379,4,'¿Qué mensajes no pueden transmitirse?'),(380,4,'¿Qué elementos deben siempre colacionarse en un mensaje?'),(381,4,'Como se expresara en radiotelefonía  “espere le  llamare”?'),(382,4,'¿Qué frase deberá emplear un piloto que quiera decir entiendo su mensaje y procederé a su cumplimiento?'),(383,4,'¿En qué frecuencia se da la primera señal de socorro “MAY DAY”?'),(384,4,'¿Cuándo la torre podrá decir el distintivo de llamada abreviado?'),(385,4,'¿Cuál es la distancia máxima a la que puede esperarse un buen contacto UHF sobre terreno llano y a nivel de vuelo FL100?'),(386,4,'¿Qué se utiliza habitualmente para las emisiones ATIS?'),(387,4,'Se define urgencia como:'),(388,4,'Significado de “HJ”:'),(389,4,'En caso de fallo de radio volando en VFR dentro de espacio aéreo controlado'),(390,4,'¿Qué afecta a la señal VHF?'),(391,4,'¿Qué es colacionar?'),(392,4,'Que frase deberá emplear un piloto que quisiera decir:  “SI”:'),(393,4,'¿Cómo se indica la visibilidad horizontal?'),(394,4,'Significado de “GO AHEAD”:'),(395,4,'Si a un piloto se le solicita que comunique su altura, ¿a qué código Q se remitirá?'),(396,4,'La prioridad de la orden ruede hasta la pista 05 es:'),(397,4,'¿Qué abreviatura se utiliza para el término zona de control?'),(398,4,'¿Qué código Q se utiliza para comunicar la altitud?'),(399,4,'Durante la transmisión de números que contengan puntos decimales:'),(400,4,'Al avión XBC se le ha ordenado contactar con torre  de Stifer Bil en la frecuencia 1187, ¿Cuál es la respuesta correcta para indicar que cumple la orden recibida?'),(401,4,'¿Qué frase deberá emplear un piloto que precisa que le sea repetido un mensaje en su totalidad?'),(402,4,'Un avión no consigue establecer contacto por radio con una estación determinada de frecuencia designada, ¿Qué deberá hacer el piloto?'),(403,4,'Como será la abreviatura radiotelefónica de la matricula EC-AXD'),(404,4,'¿Cuál es el código Q para marcación magnética desde la estación?'),(405,4,'Un mensaje relativo a un avión bajo amenaza de peligro grave e inminente, que requiere ayuda de inmediato, se denomina:'),(406,4,'¿Cuál es la forma correcta de deletrear HB-JYC en un mensaje por radio?'),(407,4,'¿Qué significa la frase “Colaccione” (Read back)?'),(408,4,'Que  frase deberá emplear un piloto que quisiera decir: “entiendo su mensaje y procederé a su cumplimiento”'),(409,4,'¿Qué significa la orden: “motor  y al aire” (go around)'),(410,4,'Cuando se utiliza el termino “buenas condiciones de cielo y visibilidad” (CAVOK) en los informes meteorológicos rutinarios para utilización aeronáutica (METAR), los valores de visibilidad y nubes son:'),(411,4,'Un avión transmite el código 7600, ello indica que:'),(412,4,'Al transmitir en vuelo el mensaje precedido de la frase “transmisión ciega debido a fallo en el receptor”, el avión deberá también:'),(413,4,'cual de las siguientes es una frecuencia internacional de emergencia?'),(414,4,'El mensaje “solicito vectores radar para circunnavegar área de mal tiempo”, dirigido a un centro de control de área es:'),(415,9,'¿Cuál es la longitud de la circunferencia de la tierra?'),(416,9,'Un avión en recalada con un QDM de 0º. Su rumbo magnético cada vez es menor.La aeronave experimenta.'),(417,9,'¿Cuál es el significado del término “hora oficial”?'),(418,9,'Derrota verdadera 348, deriva 17ª a la izquierda, declinación 32º W y desvío 4º E.Hallar el rumbo en brújula:'),(419,9,'Al virar a la derecha desde 330º a 040º en el hemisferio norte, la brújula magnética de lectura directa indica:'),(420,9,'¿Cuál es el valor máximo de la declinación?'),(421,9,'Las líneas de contorno que aparecen en mapas y cartas aeronáuticas:'),(422,9,'La distancia medida entre dos puntos de una carta de navegación es de 42 mm.La escala de la carta es de 1:1.600'),(423,9,'¿Cuál es la distancia  en NM sobre el terreno de 12 cm medidos sobre una carta de escala 1:2.0.000?'),(424,9,'Una línea recta trazada sobre la carta mide 4,63 cm y representa 150 NM.Hallar la escala de la carta:'),(425,9,'Supuestos TC 180º, TAS 500 Kt W 225/100 Kt.Calcular la GS:'),(426,9,'Hallar el tiempo en recorrer 5 NM con una GS de 269 Kt:'),(427,9,'TC 90º, TAS 180 Kt GS180 Kt, deriva 5º a la derecha, Hallar el viento:'),(428,9,'Supuesto MH 060º, declinación 8ºW y deriva 4º a la derecha, Hallar TC:'),(429,9,'Pista 23 (227 magnético) ATIS 180/30 Kt declinación 13º E.Hallar la componente de viento cruzado:'),(430,9,'Volando a baja cota, un avión cruza dos carreteras paralelas con 90º respecto a ellas.El tiempo que tarda en cruzar las carreteras nos servirá para determinar:'),(431,9,'Se observa una isla 15º a la izquierda.Nuestro rumbo magnético es de 120º, la declinación es de 17º W.Hallar el rumbo verdadero para ir a la isla:'),(432,9,'¿Qué tipo de carta es cuando se enfoca desde el borde o superficie de la Tierra?'),(433,9,'Si estamos encima de un VOR/DME a 6.000’, ¿Qué marca el DME?'),(434,9,'¿Qué es falso en la carta 1:500.000?'),(435,9,'Navegando en visual, ¿Qué debes mirar antes, el exterior y luego la carta, o al revés, primero la carta y luego el exterior?'),(436,9,'En un aeronave que vuela a FL 85 la CAS = 100 Kts y la OAT = 0º, calcular la TAS:'),(437,9,'Conociendo TAS = 140, curso verdadero = 120º y viento = 90º/30 Kts calcular el rumbo verdadero y la velocidad sobre el suelo GS:'),(438,9,'La carta cuyo origen de proyección se encuentra a una distancia finita, fuera de la Tierra, recibe el nombre específico de:'),(439,9,'En relación con las cartas, indique cuál de las siguientes frases NO  es cierta:'),(440,9,'El comportamiento errático de la brújula magnética en los polos o en sus cercanías se debe a:'),(441,9,'Cualquier plano que no pase por el centro de la Tierra forma en la intersección con la superficie de esta:'),(442,9,'El sistema de navegación omnidireccional que opera en la banda de frecuencia de VHF recibe el nombre de:'),(443,9,'El radiocompás funciona en la gama de frecuencias:'),(444,9,'El símbolo cartográfico OACI “ O”  indica la existencia de:'),(445,9,'¿Cómo expresamos la dirección de desplazamiento en avión?'),(446,9,'Si nos quedan 45 minutos de autonomía, nos quedan 60 NM para llegar a destino y nuestra TAS es de 90 nudos,  suponemos viento cero, ¿Podremos llegar a destino o habrá que buscar alternativo?'),(447,9,'La inclinación del eje de la tierra determina entre otras cosas las estaciones del año, la duración del día en distintas latitudes etc., pero ¿Cuál  es el valor de la inclinación en grados?'),(448,9,'Los meridianos son:'),(449,9,'¿Qué es un línea isogona?'),(450,9,'¿Qué es una línea agónica?'),(451,9,'¿Cuál es la diferencia de latitud entre el punto 60º norte y el 20º sur?'),(452,9,'¿Qué se entiende por navegación a la estima?'),(453,9,'Identificar la frase correcta en caso de estar perdidos en mitad de una ruta:'),(454,9,'Legalmente debemos dejar una reserva de combustible para realizar esperas sobre el aeródromo de destino y alternativo, ¿De cuanto tiempo es esta reserva?'),(455,9,'Si entre A y B consumimos 5 galones de combustible y el tiempo de vuelo entre A y B es de 40 minutos y nos quedan 15 galones de combustible, ¿Cuánto tiempo de vuelo nos queda?'),(456,9,'El VOR emite radiales que nos permiten acercarnos, alejarnos o simplemente establecer nuestra posición, estos radiales están orientados según:'),(457,9,'Si navegamos manteniendo centrado el CDI del VOR con un radial de acercamiento o una ruta de alejamiento, la deriva producida por el viento es compensada'),(458,9,'¿De qué antenas  consta el equipo ADF  de abordo?'),(459,9,'En un ADF, ¿A qué se le llama P?'),(460,9,'Dentro del código Q, ¿Cómo se escribe la marcación magnética para ir a la estación?'),(461,9,'¿En qué consiste el efecto tormenta del ADF?'),(462,9,'¿Qué equipo de radar en tierra necesita un equipo transpondedor a bordo del avión para que los controladores reciban otros tipos de información del tráfico aparte de su eco?'),(463,9,'En caso de estar perdidos, ¿Cómo podemos localizar nuestro punto exacto de posición en una carta?'),(464,9,'¿cuál de los siguientes no es un error propio del ADF?:'),(465,9,'Volamos a nivel de vuelo 85 con una CAS de 120 Kt, una IAT = -10ºC'),(466,9,'La brújula de un avión que se acerca al polo, marcará:'),(467,9,'Con rumbo 000º la aguja de ADF marca 120º a la izquierdaHallar el giro que debemos hacer para que suba la cola:'),(468,9,'Un avión vuela con rumbo 180º con el CDI centrado en 120º TOHallar en qué radial se encuentra:'),(469,9,'Volamos con rumbo 075º y el ADF nos empieza a marcar lentamente 075º, 080º, 085º, 090º¿Qué conclusión podemos sacar?'),(470,9,'¿Qué tipo de proyección es la que tiene el punto de vista a una distancia finita de la superficie de la tierra?'),(471,9,'A nivel de vuelo 100, ¿Qué distancia puede alcanzar un equipo de 4?'),(472,9,'Los polos magnéticos no coinciden con los geográficos:'),(473,9,'El VOR emite en frecuencias:'),(474,9,'¿Cuánto tardaremos en volar 50 millas si mantenemos una GS de 150 Kt?'),(475,9,'¿Podemos medir rumbos y distancias directamente en una carta Mercator?'),(476,9,'¿Cuál de los siguientes es incorrecto respecto a los GPS?'),(477,9,'El error de la brújula es máximo:'),(478,9,'¿Qué tipo de frecuencias utilizan los radares primarios?'),(479,9,'En la carta OACI:'),(480,9,'Se entiende por la desviación de la brújula en ángulo que forman:'),(481,9,'Un avión vuela siguiendo una derrota verdadera de 048º a una TAS constante de 210 Kt.La velocidad del viento es 350º/30 Kt.La GS y el ángulo  de deriva son:'),(482,9,'La definición de OACI respecto a la abreviatura ETA es:'),(483,9,'Supuestos:\nRumbo magnético 311º.Ángulo de deriva 10º a la izquierda Marcación relativa de NDB 270 º.¿Cuál es la marcación magnética del NDB medida desde el avión?'),(484,9,'Suponiendo viento cero.¿Qué distancia cubrirá una aeronave que descienda 15000 pies con una TAS de 320 Kt y manteniendo un régimen de descenso de 3¿Cuál es la marcación magnética del NDB medida desde el avión?'),(485,9,'Rumbo indicado de brújula 270, desviación 2º W, declinación 30º E, marcación relativa 316Calcular el QDR:'),(486,9,'Rumbo verdadero 090, TAS 220 Kt, viento 220º/30Kt, Calcular la GS:'),(487,9,'Ruta magnética 225º, variación 40º W, GS= 375 Kt, Viento 235/120Kt, Calcular el ángulo de deriva:'),(488,9,'TAS 220 Kt, Ruta magnética 212 º, viento 160/50 Kt, Calcular la GS:'),(489,9,'TAS 470 Kt, Ruta verdadero 317º, viento 045º/45 Kt, Calcular el ángulo de deriva y la velocidad respecto al suelo:'),(490,9,'La velocidad respecto al suelo es de 105 Kt, la distancia entre A y B son 103 NM, Calcular el tiempo entre A y B:'),(491,9,'Al decelerar el rumbo W en el hemisferio Norte la tarjeta de una brújula magnética de lectura directa girará:'),(492,9,'Suponiendo rumbo verdadero 074, TAS 230, derrota 066, velocidad respecto al suelo 242Kts, calcular la dirección y velocidad del viento:'),(493,9,'Cuando seguimos un radial VOR:'),(494,5,'De las siguientes que situación conduce a una disminución de la velocidad de perdida en términos de IAS:'),(495,5,'Al retraer los flaps con ángulo de ataque constante, el avión:'),(496,5,'Al extender los flaps con ángulo de ataque constante, el avión:'),(497,5,'La capa limite esta causada por :'),(498,5,'En un avión normal y estable, el centro de gravedad esta situado'),(499,5,'Para compensar una guiñada negativa (guiñada adversa), el avión dispone de'),(500,5,'El factor de carga es'),(501,5,'Un avión desciende a una velocidad constante de 160 KIAS a un régimen de descenso de 1000 Ft/minuto cual de las siguientes afirmaciones es verdadera'),(502,5,'Que capa limite tiene mayor variación de velocidad cerca de la superficie'),(503,5,'Un avión en vuelo recto  nivelado con el mismo ángulo de ataque, en ISA y a dos alturas distintas experimentará'),(504,5,'El efecto suelo influye en la distancia de aterrizaje'),(505,5,'La presión estática actúa'),(506,5,'Al seleccionar flaps en vuelo recto y nivelado con IAS constante aumenta'),(507,5,'El alabeo es una rotación sobre el eje'),(508,5,'La rotación sobre el eje lateral es'),(509,5,'La fuerza de sustentación actúa sobre una superficie aerodinámica'),(510,5,'La sustentación y la resistencia aerodinámica sobre un perfil se consideran vertical y paralela'),(511,5,'Se define capa limite'),(512,5,'Para mantener un vuelo recto y nivelado a velocidad relativa constante, mientras se retraen los flaps, el ángulo de ataque deberá:'),(513,5,'¿Qué objeto tiene el sistema de SLATS automáticos?'),(514,5,'La resistencia aerodinámica al avance de un cuerpo colocado en una determinada corriente de aire depende:'),(515,5,'¿Cuál es la medida de presión utilizada en aviación?'),(516,5,'El ángulo de ataque, ángulo de incidencia aerodinámica, de una superficie aerodinámica es el ángulo comprendido entre:'),(517,5,'El ángulo entre el eje longitudinal del avión y la dirección de la cuerda es:'),(518,5,'¿Cuál de las siguientes afirmaciones con respecto a la relación sustentación/resistencia en vuelo recto y nivelado es correcta?'),(519,5,'Durante despegue, en el momento que la aeronave levanta las ruedas de suelo:'),(520,5,'Durante un viraje la sustentación necesaria:'),(521,5,'En el diagrama polar de todo el avión puede leerse:'),(522,5,'¿Cuál de los siguientes dispositivos se emplean como avisadores de entrada en pérdida?'),(523,5,'La resistencia aerodinámica se considera paralela a'),(524,5,'¿Qué es lo que sucede ante el efecto suelo?'),(525,5,'Un flap simple aumenta el CL máximo cuando:'),(526,5,'¿Qué fórmula o ecuación describe la relación: La fuerza F, la aceleración A y la masa M?'),(527,5,'¿Qué factores determinan la distancia respecto al suelo recorrido por un avión al planear?'),(528,5,'La sustentación de un avión de peso W en ascenso lineal constante manteniendo un ángulo de ascenso Gama es aproximadamente:'),(529,5,'La sustentación se produce cuando:'),(530,5,'Que ocurrirá con la densidad de un fluido si este se ve obligado a pasar por un tubo que tiene una sección menor'),(531,5,'Las unidades utilizadas en el Sistema Internacional para la medida de la densidad y la fuerza son respectivamente'),(532,5,'Un avisador de perdida de paleta actúa cuando sobre él'),(533,5,'La velocidad de mínimo descenso'),(534,5,'¿ Que representa la X en ese eje?'),(535,5,'¿Que es lo mas determinante para la generación de resistencia inducida?'),(536,5,'En un perfil con cierta comba y ángulo de ataque positivo, ¿en que lugar tendrá mas velocidad el flujo de aire?'),(537,5,'Dada la ecuación de los gases perfectos, ¿cómo afecta a la densidad (rho) de una corriente de aire un cambio en el área de un tubo por el que se le hace pasar, suponiendo condiciones estándar?');
/*!40000 ALTER TABLE `questions` ENABLE KEYS */;
UNLOCK TABLES;

--
-- Table structure for table `student_answers`
--

DROP TABLE IF EXISTS `student_answers`;
/*!40101 SET @saved_cs_client     = @@character_set_client */;
/*!50503 SET character_set_client = utf8mb4 */;
CREATE TABLE `student_answers` (
  `id_student_answer` int(11) NOT NULL AUTO_INCREMENT,
  `id_user_student_answer` int(11) NOT NULL,
  `id_answer_student_answer` int(11) DEFAULT NULL,
  `id_question_student_answer` int(11) DEFAULT NULL,
  PRIMARY KEY (`id_student_answer`),
  KEY `answer_in_student_answer_idx` (`id_answer_student_answer`),
  KEY `user_in_student_answer_idx` (`id_user_student_answer`),
  CONSTRAINT `answer_in_student_answer` FOREIGN KEY (`id_answer_student_answer`) REFERENCES `answers` (`id_answer`) ON DELETE NO ACTION ON UPDATE NO ACTION,
  CONSTRAINT `user_in_student_answer` FOREIGN KEY (`id_user_student_answer`) REFERENCES `users` (`id_user`) ON DELETE NO ACTION ON UPDATE NO ACTION
) ENGINE=InnoDB DEFAULT CHARSET=utf8 COLLATE=utf8_spanish_ci;
/*!40101 SET character_set_client = @saved_cs_client */;

--
-- Dumping data for table `student_answers`
--

LOCK TABLES `student_answers` WRITE;
/*!40000 ALTER TABLE `student_answers` DISABLE KEYS */;
/*!40000 ALTER TABLE `student_answers` ENABLE KEYS */;
UNLOCK TABLES;

--
-- Table structure for table `test`
--

DROP TABLE IF EXISTS `test`;
/*!40101 SET @saved_cs_client     = @@character_set_client */;
/*!50503 SET character_set_client = utf8mb4 */;
CREATE TABLE `test` (
  `id_test` int(11) NOT NULL AUTO_INCREMENT,
  `id_category_test` int(11) NOT NULL,
  `rightanswers_test` int(11) DEFAULT NULL,
  `updatedate_test` timestamp NOT NULL DEFAULT CURRENT_TIMESTAMP ON UPDATE CURRENT_TIMESTAMP,
  `creationdate_test` datetime NOT NULL,
  `id_user_test` int(11) DEFAULT NULL,
  PRIMARY KEY (`id_test`),
  KEY `category_in_test_idx` (`id_category_test`),
  KEY `iduser_in_test_idx` (`id_user_test`),
  CONSTRAINT `category_in_test` FOREIGN KEY (`id_category_test`) REFERENCES `categories` (`id_category`) ON DELETE NO ACTION ON UPDATE NO ACTION,
  CONSTRAINT `iduser_in_test` FOREIGN KEY (`id_user_test`) REFERENCES `users` (`id_user`) ON DELETE NO ACTION ON UPDATE NO ACTION
) ENGINE=InnoDB AUTO_INCREMENT=2 DEFAULT CHARSET=utf8 COLLATE=utf8_spanish_ci;
/*!40101 SET character_set_client = @saved_cs_client */;

--
-- Dumping data for table `test`
--

LOCK TABLES `test` WRITE;
/*!40000 ALTER TABLE `test` DISABLE KEYS */;
INSERT INTO `test` VALUES (1,1,NULL,'2022-05-07 08:14:35','2021-07-06 00:00:00',2);
/*!40000 ALTER TABLE `test` ENABLE KEYS */;
UNLOCK TABLES;

--
-- Table structure for table `users`
--

DROP TABLE IF EXISTS `users`;
/*!40101 SET @saved_cs_client     = @@character_set_client */;
/*!50503 SET character_set_client = utf8mb4 */;
CREATE TABLE `users` (
  `id_user` int(11) NOT NULL AUTO_INCREMENT,
  `name_user` varchar(45) CHARACTER SET utf8 DEFAULT NULL,
  `email_user` varchar(45) CHARACTER SET utf8 NOT NULL,
  `pass_user` varchar(105) CHARACTER SET utf8 NOT NULL,
  `token_user` varchar(105) CHARACTER SET utf8 DEFAULT NULL,
  `tokenexp_user` varchar(105) CHARACTER SET utf8 DEFAULT NULL,
  `datecreated_user` date NOT NULL,
  `dateupdated_user` timestamp NOT NULL DEFAULT CURRENT_TIMESTAMP,
  PRIMARY KEY (`id_user`)
) ENGINE=InnoDB AUTO_INCREMENT=11 DEFAULT CHARSET=utf8 COLLATE=utf8_spanish_ci;
/*!40101 SET character_set_client = @saved_cs_client */;

--
-- Dumping data for table `users`
--

LOCK TABLES `users` WRITE;
/*!40000 ALTER TABLE `users` DISABLE KEYS */;
INSERT INTO `users` VALUES (1,'Amy Wilder','mauris.aliquam.eu@protonmail.org','64655',NULL,NULL,'2022-05-07','2022-05-07 08:10:42'),(2,'Ayanna Wise','purus.accumsan@protonmail.net','40464',NULL,NULL,'2022-05-07','2022-05-07 08:10:42'),(3,'Lisandra Howe','gravida.non@yahoo.org','34759',NULL,NULL,'2022-05-07','2022-05-07 08:10:42'),(4,'Jamal Williamson','nisi@hotmail.com','71567',NULL,NULL,'2022-05-07','2022-05-07 08:10:42'),(5,'Hadley Larson','vel.est@aol.edu','98943',NULL,NULL,'2022-05-07','2022-05-07 08:10:42'),(6,'Signe Kemp','ut@hotmail.org','ZSV55FKE6UP',NULL,NULL,'2021-07-06','2022-05-07 08:11:37'),(7,'Cadman Gould','nulla@google.couk','QXI38RIA8XI',NULL,NULL,'2022-03-28','2022-05-07 08:11:37'),(8,'Adrienne Gray','suspendisse@google.net','AJU37POJ1SN',NULL,NULL,'2022-04-07','2022-05-07 08:11:37'),(9,'Laith Lang','aliquam.fringilla@protonmail.com','TUQ43XJD5LL',NULL,NULL,'2022-11-13','2022-05-07 08:11:37'),(10,'Fletcher Rivas','egestas.a.scelerisque@aol.com','EPT41VMY8DT',NULL,NULL,'2022-04-21','2022-05-07 08:11:37');
/*!40000 ALTER TABLE `users` ENABLE KEYS */;
UNLOCK TABLES;
/*!40103 SET TIME_ZONE=@OLD_TIME_ZONE */;

/*!40101 SET SQL_MODE=@OLD_SQL_MODE */;
/*!40014 SET FOREIGN_KEY_CHECKS=@OLD_FOREIGN_KEY_CHECKS */;
/*!40014 SET UNIQUE_CHECKS=@OLD_UNIQUE_CHECKS */;
/*!40101 SET CHARACTER_SET_CLIENT=@OLD_CHARACTER_SET_CLIENT */;
/*!40101 SET CHARACTER_SET_RESULTS=@OLD_CHARACTER_SET_RESULTS */;
/*!40101 SET COLLATION_CONNECTION=@OLD_COLLATION_CONNECTION */;
/*!40111 SET SQL_NOTES=@OLD_SQL_NOTES */;

-- Dump completed on 2022-05-30 19:06:53
